,constituency_name,country_name,first_party,ons_id,%Owned_outright,%Mortgage_or_Loan,%Shared_ownership,%Social_rented,%Private_rented,_merge,GlobalID,SHAPE_Length,SHAPE_Area
0,Aldershot,England,Con,E14000530,24.5,40.9,1.7,15.3,16.8,both,{8FFDAD2D-7F43-4733-8E24-277A329DB223},42197.629271313,52978154.7075003
1,Aldridge-Brownhills,England,Con,E14000531,38.9,36.7,0.7,14.5,8.2,both,{21E7B825-B59F-438C-8416-EFBD7DC200D7},38590.1837136133,44016542.8049995
2,Altrincham and Sale West,England,Con,E14000532,35.4,38.7,0.7,12.3,11.9,both,{2A6295AD-9061-49BC-81F1-DBF07E3F30ED},47813.4614131762,50929372.2550001
3,Amber Valley,England,Con,E14000533,36.8,35.7,0.3,14.4,11.5,both,{C482F1CC-756A-420C-92B7-E92645FAF65B},64665.1300330754,124646417.177502
4,Arundel and South Downs,England,Con,E14000534,42.3,33.7,0.5,10.3,11.3,both,{DC068F58-3CC6-4DA9-80DC-13CBC3CE3FEA},333618.028721685,645250875.171574
5,Ashfield,England,Con,E14000535,34.2,34.9,0.5,16.5,12.6,both,{3843D0C2-082F-47C5-BCB3-73775B664118},63094.9921272772,107711819.297501
6,Ashford,England,Con,E14000536,31.3,36.6,1.4,14.8,14.5,both,{522F53D0-3DF3-43D9-9BF2-B5EF6D2D4A09},154449.23953634,503672499.152499
7,Aylesbury,England,Con,E14000538,29.3,40.2,0.9,13.3,15.2,both,{D3A5133B-3724-4F5A-8CEF-CB5C428BD8FC},150691.210228769,185457068.9775
8,Banbury,England,Con,E14000539,28.9,38.9,0.7,12.8,17.1,both,{1A39AD79-3B8C-49ED-9D7D-E3F2913B71B2},193903.648236319,463664229.479999
9,Barking,England,Lab,E14000540,14.6,28.3,1.5,35.8,18.7,both,{CADF5A92-545B-4DDD-AB94-AB0490260F9E},30925.1277330667,20441229.7349995
10,Barnsley Central,England,Lab,E14000541,29.5,33.5,0.5,21.1,13.8,both,{4F953B66-37E5-4B10-ACBF-86655A8ACEBB},51121.9946237242,48369594.0652008
11,Barnsley East,England,Lab,E14000542,29.2,33.5,0.4,23.1,12.1,both,{F6B3F05F-AA5B-457A-A296-E6968380F892},59925.8047340791,86803994.2049986
12,Barrow and Furness,England,Con,E14000543,38.5,35.7,0.2,10.7,13.8,both,{AD1956D7-1CA4-4500-9654-D165B2C1FB30},198652.319401356,281402553.594829
13,Basildon and Billericay,England,Con,E14000544,30.8,35.8,0.5,22.3,9.6,both,{B52840D0-DD12-4A9D-8C70-D54A62C6D68B},38649.0649140588,60231750.7250003
14,Basingstoke,England,Con,E14000545,23.9,40.5,1.8,20.8,12.4,both,{30EB8198-559E-4170-B678-DC51DB5E7261},47990.2892919166,58915647.7950007
15,Bassetlaw,England,Con,E14000546,33.6,35.3,0.3,16.4,12.7,both,{18A82DA4-ADD6-4576-BAA8-B547A69D9273},142677.888582499,479522071.652501
16,Bath,England,LD,E14000547,30.6,26.6,0.6,17.5,23.4,both,{7CE76757-01CE-4DD8-AA67-53AF8A6B8F9B},34772.0145260099,28675522.9875
17,Batley and Spen,England,Lab,E14000548,30.3,36.8,0.3,16.4,14.4,both,{43E1F150-CC90-4E88-8F83-048CC1BA0A12},47395.8228028603,55060286.4624995
18,Battersea,England,Lab,E14000549,16.7,25.3,1.8,23.5,31.7,both,{7CBCA2FE-154F-4152-97DD-9204C55CF642},22031.8647119667,10280329.9875001
19,Beaconsfield,England,Con,E14000550,38.0,35.9,1.1,11.8,11.9,both,{1CA2A431-D1BC-4524-83DD-99FDE9CBB30E},105904.884826153,176255340.084999
20,Beckenham,England,Con,E14000551,37.6,39.3,0.5,8.1,13.5,both,{8FCF730E-384C-4459-B386-6DBCDC6A9163},36829.9062042203,34484275.7575002
21,Bedford,England,Lab,E14000552,28.0,31.2,0.8,19.4,19.4,both,{2F2D2FF2-A955-4DA2-A44F-535B3315DA40},35848.0921068167,33939236.8874997
22,Bermondsey and Old Southwark,England,Lab,E14000553,7.7,16.7,2.6,43.5,28.1,both,{659CE34F-B162-4DE8-8BA6-876A42EDF85E},21414.6342943327,10424322.5208203
23,Bethnal Green and Bow,England,Lab,E14000555,8.4,15.0,2.3,42.7,30.6,both,{38405FBE-BC0F-4FCB-8AB0-CBA7C5504719},16148.4682542265,9165701.00499951
24,Beverley and Holderness,England,Con,E14000556,38.8,36.7,0.3,9.6,12.9,both,{6573A310-FA7B-4D09-BE39-77D8FCB0C5A2},251180.411645891,776226838.564935
25,Bexhill and Battle,England,Con,E14000557,44.1,30.9,0.6,8.9,14.1,both,{DDA31C63-6B2B-411F-95B4-682958467466},184242.763594703,528955155.092501
26,Bexleyheath and Crayford,England,Con,E14000558,32.2,40.7,0.7,15.8,9.8,both,{EAED39AE-B7F3-4C2C-92FD-8B21A4BC944C},29731.8605742994,21622654.6974998
27,Birkenhead,England,Lab,E14000559,24.0,29.0,0.9,24.7,20.5,both,{82CC708B-9404-42E2-9636-4C27B47AC1F4},24506.4939836684,25131956.9774994
28,"Birmingham, Edgbaston",England,Lab,E14000560,25.2,26.3,1.1,25.2,20.2,both,{D1759A5C-21F8-44E5-A5D4-777CA32D87FA},30638.9854817207,28318676.7200007
29,"Birmingham, Erdington",England,Lab,E14000561,21.4,30.0,1.3,28.9,16.7,both,{52C7B01A-7C28-4720-9549-0CC3F200EC14},25169.8385288417,22049586.7574987
30,"Birmingham, Hall Green",England,Lab,E14000562,29.2,29.1,0.5,17.8,21.6,both,{34A65629-0A94-456B-B6B2-CC67B63A8257},25831.1459165265,19724862.0499999
31,"Birmingham, Hodge Hill",England,Lab,E14000563,25.6,27.6,1.0,28.2,15.2,both,{22D3F644-F909-46A8-9973-1EEE5ABCC2A7},29630.2516605207,20513367.0849995
32,"Birmingham, Ladywood",England,Lab,E14000564,13.2,15.5,1.1,38.2,29.6,both,{AA8F0F77-4496-45AB-BA5A-2A84ECA0526F},35991.4653141898,25745024.5250009
33,"Birmingham, Northfield",England,Con,E14000565,25.1,31.8,1.3,30.1,10.3,both,{496F7F2C-720C-4E5D-B85E-942ED65A381E},33493.9836964131,24455744.9449994
34,"Birmingham, Perry Barr",England,Lab,E14000566,30.1,31.8,0.5,17.8,18.3,both,{268A0CCA-EFC9-4DF1-8276-B15C88E95DA3},28244.6595568423,24857416.1550012
35,"Birmingham, Selly Oak",England,Lab,E14000567,26.0,30.5,1.5,21.8,18.8,both,{1C3F9FE5-351E-4ACF-B326-21AC04F3F739},30817.3620978988,21875010.1600003
36,"Birmingham, Yardley",England,Lab,E14000568,25.9,33.3,0.7,22.6,15.8,both,{170BDBF4-E8FD-48F1-AED7-F1BBD2ECC90C},28093.5797583666,22614683.5899998
37,Bishop Auckland,England,Con,E14000569,33.5,31.4,0.3,19.1,14.2,both,{5F21072C-E5DE-4C40-B395-B7369B09B580},197529.9882767,922670332.219998
38,Blackburn,England,Lab,E14000570,31.6,29.2,0.5,21.8,15.1,both,{FCECBE33-BAF6-4972-8FDE-75936450C176},32080.3588682737,40344225.7325
39,Blackley and Broughton,England,Lab,E14000571,16.1,20.3,0.9,37.3,23.6,both,{4998C38E-6347-4324-A201-0E5B86779EEC},34864.5303053301,28152046.4975001
40,Blackpool North and Cleveleys,England,Con,E14000572,34.5,33.1,0.5,10.4,20.4,both,{FA00B6C4-45C5-4F11-B222-614BED829DFB},35928.6544146557,22992000.1220745
41,Blackpool South,England,Con,E14000573,28.8,31.3,0.3,9.4,29.2,both,{6CEB1DE7-43CF-40EE-A025-9E635EA38E89},23968.9785866783,20194419.0206353
42,Blaydon,England,Lab,E14000574,32.8,36.0,0.4,21.0,8.9,both,{B929EB82-5DE2-4A6E-9EEB-6143AA807941},77939.8689124913,110323518.33577
43,Blyth Valley,England,Con,E14000575,28.4,36.8,0.3,22.9,10.4,both,{0B4D4C33-4D9A-4F22-B840-F2FB4FED0E54},49282.8820298832,70358881.2338003
44,Bognor Regis and Littlehampton,England,Con,E14000576,39.4,30.9,1.0,9.8,17.9,both,{7A5C0DEB-20DB-4964-9726-3190A3D0BA8C},66891.5028590555,61029925.2394956
45,Bolsover,England,Con,E14000577,33.1,33.6,0.2,19.5,12.1,both,{3A113C87-30A3-4493-AC6B-8A6AB9C4B36A},120889.895626584,226405477.667499
46,Bolton North East,England,Con,E14000578,29.9,30.7,0.4,22.6,14.6,both,{AA9A5979-0774-49BA-98A2-7C1794394D4D},36869.9011977876,35943261.5849999
47,Bolton South East,England,Lab,E14000579,27.1,30.4,0.7,25.3,14.6,both,{0CC2F6E6-0386-4D62-806B-ADF5F4E99811},36791.2525359401,36824180.9350014
48,Bolton West,England,Con,E14000580,33.9,38.5,0.4,15.0,11.0,both,{17E295EE-F61D-4501-9B64-700AC1E302C2},58858.1493809103,71763717.2899991
49,Bootle,England,Lab,E14000581,23.8,32.4,0.7,28.5,13.5,both,{BE7B0669-EC7D-415A-B074-55C753487A20},25167.6025453211,25595472.1675005
50,Boston and Skegness,England,Con,E14000582,35.5,28.0,0.9,16.5,17.6,both,{780884BF-2AA5-40DF-A4FC-075510011788},242154.712031115,708156657.711815
51,Bosworth,England,Con,E14000583,36.7,39.3,0.6,10.7,11.6,both,{6AD0AC18-FF5D-4594-AACC-B6DCF96FA04A},112031.151876081,289038639.755
52,Bournemouth East,England,Con,E14000584,27.1,30.8,0.6,9.5,31.0,both,{5743A4CC-FA43-42AA-B111-2AB24F6B9284},37597.6897075177,25197424.6249992
53,Bournemouth West,England,Con,E14000585,28.5,28.8,0.7,14.3,26.6,both,{F7950F4F-3CA7-41AE-82ED-41EB2F05569D},28637.6559293662,27101082.0024997
54,Bracknell,England,Con,E14000586,26.0,42.8,1.0,17.7,11.3,both,{F6B0BAF6-F2B9-4357-9132-53BEC5E609FC},49953.4978751617,73946676.3424991
55,Bradford East,England,Lab,E14000587,25.4,34.0,0.7,18.6,19.6,both,{7035DD6D-B0BA-418B-B59F-B27B49DA5BF1},37368.6189312598,28454710.7062497
56,Bradford South,England,Lab,E14000588,25.1,38.1,0.4,17.8,17.2,both,{C8D056CF-7C02-46D0-831A-66B7C2EBC2CE},62609.5410434783,43261128.407195
57,Bradford West,England,Lab,E14000589,25.8,30.4,0.6,17.3,24.3,both,{813837F1-F047-4074-9C7C-3C363234CB6E},41139.1139516443,35244272.7165548
58,Braintree,England,Con,E14000590,31.1,38.1,0.6,15.4,13.7,both,{C93FE5A0-251E-450E-9E16-8A7894BA5A20},143248.782827228,467565135.075
59,Brent Central,England,Lab,E14000591,16.6,18.8,1.8,29.0,32.4,both,{6FCAD91F-C3B8-471E-9B0F-0EF1D47803C2},29495.0002582057,18285057.6249998
60,Brentford and Isleworth,England,Lab,E14000593,21.6,27.9,2.2,20.5,26.6,both,{D334BD7B-1352-449F-9FFA-6196F6E69BD7},43662.6950258757,26153208.9626198
61,Brent North,England,Lab,E14000592,27.0,28.3,1.4,15.2,26.6,both,{605C7181-7975-44AB-8ED9-D4AE4B40D6A0},29733.3143139189,20788543.1325009
62,Brentwood and Ongar,England,Con,E14000594,37.8,37.1,0.6,12.4,10.9,both,{184708D0-4EFD-47D3-AC53-E9BF846FE0A0},100003.039187388,316708917.5981
63,Bridgwater and West Somerset,England,Con,E14000595,38.2,29.9,0.5,14.2,15.5,both,{1913FD60-F7FD-4916-BFE5-D17B4BC38F04},309447.074795296,1082040165.86365
64,Brigg and Goole,England,Con,E14000596,35.8,37.0,0.3,11.9,13.6,both,{2D671E81-235D-4AAF-8CB9-038550409EAF},267369.619531652,637308240.931135
65,"Brighton, Kemptown",England,Lab,E14000597,26.8,27.4,1.0,22.0,21.5,both,{D7EF40B4-45B1-4BE5-BF41-CE4DFD6D3A74},47907.5700845582,39656561.6022299
66,"Brighton, Pavilion",England,Green,E14000598,22.2,31.3,1.0,11.7,32.7,both,{A3D77343-83D6-424E-9949-966CE5DF595C},34045.4062852736,29007425.2249992
67,Bristol East,England,Lab,E14000599,27.5,35.0,0.7,16.0,19.5,both,{591E19F1-D179-417D-B697-E72E316C0507},34753.243835941,23712773.9624992
68,Bristol North West,England,Lab,E14000600,30.2,30.4,0.6,23.6,13.6,both,{37FAA410-85B5-46BE-BE38-C00ABB55163A},69173.1386297311,44078335.6000705
69,Bristol South,England,Lab,E14000601,25.5,31.2,0.8,24.2,16.9,both,{D14DA97C-F15E-4BF9-A374-E7BCBB32946F},26414.1451400668,24572634.0587148
70,Bristol West,England,Lab,E14000602,17.2,22.8,0.9,17.6,40.1,both,{6E3A2B47-8338-41BE-8385-855BA683A6A8},22627.645372714,17245995.0407344
71,Broadland,England,Con,E14000603,41.6,34.4,0.6,9.9,12.0,both,{8C5C1E06-1F3B-4B88-BDDB-DB2DB4BC45CC},295257.454596809,764187311.232697
72,Bromley and Chislehurst,England,Con,E14000604,30.6,37.0,0.8,17.2,13.4,both,{44D8F4A3-E115-479C-89D5-B94C5BA20466},38694.9931473193,29408136.8349989
73,Bromsgrove,England,Con,E14000605,40.6,38.9,0.6,10.0,8.8,both,{1557145E-0396-446C-9301-DB150244BD94},113135.236379104,216968481.761885
74,Broxbourne,England,Con,E14000606,33.5,40.1,1.1,13.5,11.0,both,{50ACD1CD-ECBC-4821-BD22-C7B8268B2A9E},47810.0635083827,66861939.1774999
75,Broxtowe,England,Con,E14000607,37.0,36.5,0.4,10.5,14.6,both,{C1A06D38-5960-4161-A733-ACA76D873D9B},57540.7051040411,65790611.5525
76,Buckingham,England,Con,E14000608,36.4,39.3,0.7,11.2,10.8,both,{F1512278-4992-4DEF-BEC9-38C2687D0A7B},262429.029563101,866945912.505
77,Burnley,England,Con,E14000609,31.5,33.5,0.2,14.1,19.4,both,{FFF7E41A-3B4B-4224-B66A-3633859C85D8},57764.4547216103,110683996.5675
78,Burton,England,Con,E14000610,33.7,34.4,0.6,14.4,15.7,both,{BC6B8CB9-D9D8-4197-999A-8721F8DE6507},161729.945062952,243374416.282501
79,Bury North,England,Con,E14000611,32.8,37.9,0.3,14.2,13.4,both,{25E7E580-623A-4E6F-B776-3C44C3DEC901},45515.0358742359,51013146.6137504
80,Bury South,England,Con,E14000612,30.9,37.8,0.3,15.7,14.2,both,{A8CEEBE7-17A4-476E-B9BB-0C2EE0FC4414},49290.8124088231,48446977.9262498
81,Bury St Edmunds,England,Con,E14000613,35.8,33.5,1.0,13.9,14.5,both,{738114A9-267C-4A31-B07B-F1E6C6F42516},179773.353897447,502058525.0125
82,Calder Valley,England,Con,E14000614,33.0,36.8,0.5,13.0,15.3,both,{8EC3F926-E401-4BB6-85CE-F56BA14A7130},124617.969676103,306262680.214999
83,Camberwell and Peckham,England,Lab,E14000615,8.5,18.6,1.8,50.6,19.4,both,{9726BB48-9BC4-46A8-AB25-91E3EBA78FCB},21798.0971925411,11396355.2674992
84,Camborne and Redruth,England,Con,E14000616,39.5,30.7,0.8,12.0,15.8,both,{7528239C-38A5-4C5B-A5E1-8006421B598D},159018.92457048,279377475.390027
85,Cambridge,England,Lab,E14000617,24.1,22.4,1.2,23.8,27.0,both,{DC98DCEC-1356-4828-BFCB-7355AECE9FEA},41124.8800768047,36180574.5100016
86,Cannock Chase,England,Con,E14000618,30.5,38.7,0.6,16.9,12.1,both,{0A60D3A7-548D-432B-A5DC-4515CDFE8BC5},50127.6144999631,78882570.7299993
87,Canterbury,England,Lab,E14000619,34.6,28.4,0.8,13.9,20.8,both,{352BD375-0E87-4ED1-B50B-72B928A5E67B},116455.177669796,248683660.422443
88,Carlisle,England,Con,E14000620,32.7,34.0,0.8,16.6,14.6,both,{BA4F4835-1B9A-4120-B0A5-2E177A356947},115735.93525505,210655498.299254
89,Carshalton and Wallington,England,Con,E14000621,25.7,39.2,1.0,20.5,13.0,both,{52E784B3-C43A-418C-836D-DCFE048A8048},31792.6214373001,25497747.7799999
90,Castle Point,England,Con,E14000622,43.1,39.5,0.3,5.3,10.9,both,{96B9B243-5765-4F25-8094-B53A566EA65B},67976.4755723183,45068326.1399999
91,Central Devon,England,Con,E14000623,42.2,31.2,0.7,9.4,15.0,both,{342621CB-943D-42FF-9F2B-18AFC3FED029},301033.342243679,1413456830.8025
92,Central Suffolk and North Ipswich,England,Con,E14000624,39.9,34.8,0.5,12.5,10.8,both,{E8F85CA9-7BF6-417F-9846-874F1AA8DBE4},198725.242047278,796226593.503769
93,Charnwood,England,Con,E14000625,41.4,40.2,0.6,7.1,9.6,both,{5A18CD31-C946-4377-87D1-D369D4ED5456},124165.380875693,171525696.825
94,Chatham and Aylesford,England,Con,E14000626,25.9,40.4,1.4,16.2,15.2,both,{6A28F488-2C67-454D-9D3A-925AA70828B0},85445.0194487553,61472586.6856356
95,Cheadle,England,Con,E14000627,42.7,41.1,0.6,6.2,8.6,both,{3234F3F3-7D93-4D8B-B159-CD677F734294},39912.5395035966,39372038.5199997
96,Chelmsford,England,Con,E14000628,31.1,38.7,0.8,15.0,13.4,both,{3A454B6A-82E7-4AD0-87D6-2A00E0F42FAE},37952.6006042386,42391773.6525003
97,Chelsea and Fulham,England,Con,E14000629,22.7,17.6,1.1,22.6,33.4,both,{1D890A17-44C3-4908-AF8D-34BB603E79B4},16948.8776352784,8279457.11749921
98,Cheltenham,England,Con,E14000630,30.9,32.0,0.8,12.7,22.5,both,{535F64B4-CDE0-40D5-9E4A-BC8D4141F00E},35045.0236793974,37245277.5900005
99,Chesham and Amersham,England,Con,E14000631,41.1,35.8,0.7,12.4,9.0,both,{AAC59B01-6CBF-4943-8DD9-E267FDFD268B},87255.8620917369,196348357.255001
100,Chesterfield,England,Lab,E14000632,32.4,30.8,0.4,22.8,12.6,both,{D335858F-4AC1-40F3-8BC9-65B8AD5AB9E2},47526.0519711669,47356752.1749997
101,Chichester,England,Con,E14000633,40.7,26.8,0.9,14.8,14.8,both,{40F317C1-338C-4E7E-8C5C-CCB44F7D7634},252472.855620046,621243079.342194
102,Chingford and Woodford Green,England,Con,E14000634,32.3,36.6,0.9,15.1,14.2,both,{FD8292A1-5458-483F-AECF-F5E86EA7D302},22364.8055868801,19051201.1599989
103,Chippenham,England,Con,E14000635,34.0,37.7,0.6,14.4,12.1,both,{9DE10BC1-0857-436E-9BD8-2CC335C3F73E},94811.4869033675,167622463.107499
104,Chipping Barnet,England,Con,E14000636,32.0,34.6,0.9,11.7,19.3,both,{8196A6E9-9870-4EBD-BA02-164B1DB42729},39945.3991435917,34595474.7350008
105,Chorley,England,Spk,E14000637,34.4,39.9,0.5,13.9,10.4,both,{1EE89C60-AE10-4AE8-8B25-3B17C4907FC3},78419.8740824648,155203523.535
106,Christchurch,England,Con,E14000638,50.1,28.9,0.6,10.2,9.2,both,{5481A569-E099-4AA9-B4F3-A3FB4569F76D},98543.6284796622,108660863.92237
107,Clacton,England,Con,E14000642,47.3,26.1,0.4,7.7,17.2,both,{C5A848AF-C53F-4236-B9D2-6A2C974D7F20},140851.771206192,132224886.342391
108,Cleethorpes,England,Con,E14000643,35.8,37.3,0.2,10.0,15.6,both,{4D54A00B-1009-473E-B437-36E969868831},155954.381930207,330296789.397934
109,Colchester,England,Con,E14000644,25.9,32.9,0.5,16.7,23.1,both,{E64F75DD-E2C2-49D7-8B4A-3B2D503DBE9C},39661.1996994574,45605945.4674998
110,Colne Valley,England,Con,E14000645,35.7,37.5,0.3,9.6,15.5,both,{E2CCF6ED-E960-4ECE-B1AD-5A52200E8DE3},74556.1424442395,180371671.61875
111,Congleton,England,Con,E14000646,40.3,38.0,0.4,10.4,9.8,both,{96EBF969-9DF5-46B6-82E0-D2BF8EBE8E93},102255.531835173,211005242.0775
112,Copeland,England,Con,E14000647,38.4,32.5,0.4,17.8,9.2,both,{217FD1A1-FE5A-4756-9683-3A8ACD89B5B5},296868.197598367,1184504977.71644
113,Corby,England,Con,E14000648,27.6,38.7,0.4,17.7,14.2,both,{F2525729-CD47-4FA6-A413-6D2D8059B938},168839.928093115,553951142.159997
114,Coventry North East,England,Lab,E14000649,26.3,30.3,0.7,20.1,21.4,both,{198340A5-ABA4-4C03-AFAB-C8DB3E0D03B7},28822.2010332998,27232318.9574995
115,Coventry North West,England,Lab,E14000650,32.0,34.5,0.6,12.3,19.7,both,{66D7F043-E7B4-4022-B7FB-578387E77DCA},32684.342760421,38524215.2800012
116,Coventry South,England,Lab,E14000651,29.6,29.1,0.5,18.7,20.8,both,{777254CB-2409-4A7E-82A0-A93242EF203D},43185.132964335,32882529.7425003
117,Crawley,England,Con,E14000652,22.2,36.9,1.4,23.9,14.5,both,{C3332D9D-7F06-4D86-BFE8-2625B9DE4829},38799.4041143705,44971198.8199989
118,Crewe and Nantwich,England,Con,E14000653,33.9,37.1,0.4,12.8,14.9,both,{5F085333-01E5-4E11-B0FC-53D8728B3836},69307.1698455144,136190680.735
119,Croydon Central,England,Lab,E14000654,22.9,32.4,1.3,22.3,20.2,both,{B76EE006-801B-4925-B9CA-56DFAA190987},31429.8284069091,25660974.8850002
120,Croydon North,England,Lab,E14000655,18.4,32.2,1.6,20.0,26.5,both,{CC72197F-EA25-4900-86A9-F6EF251E6B1B},21138.0004035344,17548317.4225001
121,Croydon South,England,Con,E14000656,32.0,40.2,1.0,10.6,15.3,both,{77FD9D92-27F7-431A-B4DF-EE3531A03C16},39173.761658843,43285143.6674997
122,Dagenham and Rainham,England,Lab,E14000657,27.3,33.7,0.8,23.9,13.6,both,{2582BC07-EB44-4051-8C6C-47F84A06772D},47727.8228644519,40977564.7773997
123,Darlington,England,Con,E14000658,28.3,34.6,0.4,16.8,19.0,both,{2F94DED3-6116-4512-91C8-BD68A798EDA3},31527.3708996244,30039591.2
124,Dartford,England,Con,E14000659,28.7,39.1,1.3,14.5,15.3,both,{17AA074D-54EA-4DE8-92E1-3128E9CA1A71},73778.7616431547,85910634.7103101
125,Daventry,England,Con,E14000660,34.6,38.3,0.8,13.4,11.6,both,{A535C355-B47F-4E94-A19C-A5AF0EC557C6},216123.815114911,748417406.174998
126,Denton and Reddish,England,Lab,E14000661,29.8,37.6,0.4,17.9,13.1,both,{939BF2E6-C6B1-461A-8559-FB2C4571B8E7},44069.0098234128,25685677.8576234
127,Derby North,England,Con,E14000662,29.0,31.4,1.0,19.8,17.7,both,{E2D81E3E-83F7-40DF-8FA2-6513B540AAF5},36578.6929624461,29508332.0675
128,Derbyshire Dales,England,Con,E14000664,44.5,28.4,0.7,11.7,12.6,both,{C9846866-4304-4C83-88BA-017616DF3D58},251879.097372056,910858587.967047
129,Derby South,England,Lab,E14000663,25.4,29.0,0.8,24.9,18.6,both,{807EB771-AB0A-421A-B7CA-BFEF51D84A0F},31984.1432275223,31220668.2324993
130,Devizes,England,Con,E14000665,30.5,29.2,1.0,18.6,18.7,both,{728054CE-F5A0-4AED-AAAC-AF52E4456D17},199325.218283772,1023422430.6025
131,Dewsbury,England,Con,E14000666,33.4,35.4,0.4,16.0,12.9,both,{4831215F-95F6-4E79-AD29-26C18908C053},79721.6860425258,126070553.745
132,Doncaster Central,England,Lab,E14000668,28.8,33.3,0.3,17.5,18.4,both,{9F5499DF-4FEC-4DB0-A5BC-4B985BDB55B8},61064.0219482342,60567893.7524991
133,Doncaster North,England,Lab,E14000669,30.2,34.3,0.4,19.5,13.9,both,{CF34CC46-A91A-4D22-8E19-B6CB1745830C},144832.778868609,256591689.382501
134,Don Valley,England,Con,E14000667,34.3,35.7,0.4,16.1,11.8,both,{6C070653-0BE2-4966-8390-2FAC401BA01A},122445.879134594,250862433.327499
135,Dover,England,Con,E14000670,34.6,31.3,0.5,14.6,17.5,both,{F2682D23-04DD-495F-93B1-7C58B5F7628B},94010.4977688197,214166843.224045
136,Dudley North,England,Con,E14000671,31.8,31.1,0.8,25.5,8.9,both,{71A10E61-EC29-4677-BFFE-9135C7922ECA},28790.388540746,23073798.9600001
137,Dudley South,England,Con,E14000672,35.0,33.3,0.3,20.5,9.4,both,{F95AF070-1C9D-4FEE-85ED-87DD50A635CD},28725.5987432246,25376309.9250001
138,Dulwich and West Norwood,England,Lab,E14000673,14.7,26.4,1.1,32.4,24.4,both,{E1024FDC-AF25-4738-AFD8-06C466F7B4A7},21230.1899535707,14836930.5325001
139,Ealing Central and Acton,England,Lab,E14000674,21.3,24.2,2.0,16.6,34.4,both,{7441A66E-6CC8-41D6-A424-381C9E0BB409},24595.6347139122,17939429.1075001
140,Ealing North,England,Lab,E14000675,23.2,31.8,1.5,19.8,22.3,both,{78422DE7-DCA3-458B-A4B3-2B28A24449E2},27137.1600695868,23266563.8050003
141,"Ealing, Southall",England,Lab,E14000676,24.9,29.5,1.6,18.1,24.2,both,{19C5B346-4CA1-461A-9418-86F41CFFEA14},26528.9412690936,14338357.9699997
142,Easington,England,Lab,E14000677,28.9,35.0,0.1,22.6,11.8,both,{F6D05BA5-BC47-4EB6-A82B-49D3BD7A6D73},70447.5224866239,117652184.04765
143,Eastbourne,England,Con,E14000684,35.0,28.7,0.6,12.4,22.2,both,{585465C9-A61A-4575-B472-69B3450DE88B},37007.8897480888,54949580.8167105
144,East Devon,England,Con,E14000678,45.3,29.2,0.7,9.0,14.2,both,{259CE7A7-0578-47EC-8AE2-356191205372},119085.401686321,333207991.26788
145,East Ham,England,Lab,E14000679,14.7,23.5,1.1,24.6,34.9,both,{A09589E2-1B2A-461F-8963-57880DC276AB},28093.2420851462,18855849.1772011
146,East Hampshire,England,Con,E14000680,36.1,35.7,1.0,13.0,12.5,both,{D32B4C5B-14D3-4FF6-9BDC-90A642819357},124035.095464048,463614077.054999
147,Eastleigh,England,Con,E14000685,30.6,40.6,1.2,14.1,12.8,both,{E95D60C2-E09A-41CC-B406-46972165108F},70808.7948287264,72630894.5575
148,East Surrey,England,Con,E14000681,35.3,39.6,1.0,10.9,12.1,both,{152462EA-F577-4E11-95E9-4D67497C63F8},89763.7342358139,259431725.7775
149,East Worthing and Shoreham,England,Con,E14000682,36.4,37.3,0.5,11.0,13.7,both,{8E91AE84-668F-4DA2-9D1E-B782F7E09670},61496.3986083283,55175409.2194798
150,East Yorkshire,England,Con,E14000683,39.9,31.7,0.4,9.3,16.9,both,{46A5EC5D-0B35-4AC7-B58A-F95D3419A48F},255069.790127432,1052783613.06478
151,Eddisbury,England,Con,E14000686,38.2,35.9,0.8,12.4,11.3,both,{E09E373C-82D6-42E1-A600-52D2AC87CE2D},218981.66308306,712449885.345
152,Edmonton,England,Lab,E14000687,21.2,28.0,1.2,24.6,23.5,both,{CB9D2866-556A-402A-8C27-8FB66A5793D2},23187.3233105761,19743099.6225005
153,Ellesmere Port and Neston,England,Lab,E14000688,33.9,38.3,0.6,16.9,9.2,both,{7B367869-0403-4F85-8BD8-CFE72E620162},117964.008813798,119779149.4911
154,Elmet and Rothwell,England,Con,E14000689,37.8,38.8,0.3,12.8,8.9,both,{D817F04C-10FF-4E76-A03C-7091B3415966},117553.876013613,246012415.418749
155,Eltham,England,Lab,E14000690,24.7,33.9,0.7,27.5,12.0,both,{DBCBEC7B-EBED-4136-B153-9AC51DAB8821},27770.6907198859,21593216.7350007
156,Enfield North,England,Lab,E14000691,25.2,34.4,1.0,18.8,19.3,both,{BEC9A262-C9DE-4598-BE7D-C031FFB358DD},35174.4539547533,37272129.5499998
157,"Enfield, Southgate",England,Lab,E14000692,32.8,32.9,0.6,8.7,23.7,both,{A0CFB639-AE2C-4033-917D-848588AE94BB},38146.3927080374,25184963.3924991
158,Epping Forest,England,Con,E14000693,33.7,37.4,0.4,15.8,11.4,both,{66E20AF0-54A8-4C1F-BAFC-BF651F701F01},74603.323307121,126245724.572142
159,Epsom and Ewell,England,Con,E14000694,38.5,40.0,0.8,8.5,11.4,both,{C7081DCA-D674-4A61-A89E-407B884E1883},35598.5729711708,51739529.7224995
160,Erewash,England,Con,E14000695,32.2,38.6,0.5,13.8,13.7,both,{55E6C931-21A6-441D-970A-58D468B16540},58867.6740615932,60042969.9249993
161,Erith and Thamesmead,England,Lab,E14000696,19.6,32.3,1.4,27.4,18.3,both,{440C7254-4705-45B9-B67B-583EC2A82627},25188.2655788911,23330249.0713399
162,Esher and Walton,England,Con,E14000697,34.5,39.2,0.8,10.6,13.7,both,{C15744D0-50BA-41EE-9FDB-05A05744557F},45304.7429283284,80546607.3799995
163,Exeter,England,Lab,E14000698,28.7,29.3,0.9,18.2,21.6,both,{1761CA15-450C-449C-974F-24534234E950},39576.0801774096,37964645.755
164,Fareham,England,Con,E14000699,37.8,42.1,0.6,8.5,10.1,both,{BFBA81A1-CB14-46D3-A649-9DB37FA1A57A},64848.9005952049,63246638.5507055
165,Faversham and Mid Kent,England,Con,E14000700,34.1,37.2,0.8,16.0,10.4,both,{9D8291DD-422E-4565-953D-E9263D23F178},157858.072979115,388080687.382498
166,Feltham and Heston,England,Lab,E14000701,20.6,30.3,2.6,25.6,19.6,both,{F44DA137-318E-4D95-9A10-D4832CDF41F8},38053.1324015049,29824702.655
167,Filton and Bradley Stoke,England,Con,E14000702,30.8,40.4,0.5,10.1,17.2,both,{9482359C-E938-4B50-B674-4605A21A8DAF},66150.5670656069,80717879.7200002
168,Finchley and Golders Green,England,Con,E14000703,28.3,26.3,0.6,11.0,32.0,both,{E9B0D2AC-4852-4D33-AD11-F9908E3F32E9},26654.9384086809,20813116.5424996
169,Folkestone and Hythe,England,Con,E14000704,35.7,29.8,0.5,11.0,21.7,both,{D4A6988C-3DF0-472E-A390-6E5EF449B6C3},152733.761327409,433642410.009473
170,Fylde,England,Con,E14000706,40.1,33.8,0.4,7.8,16.7,both,{10EE01DA-EF8D-4DB3-9715-77C3976BFDA9},108982.980031852,173910138.102511
171,Gainsborough,England,Con,E14000707,38.4,34.2,1.0,11.0,13.7,both,{89E9A1C8-A7A3-4FCF-9FA0-ED0BB98CCB0D},246495.180458712,1201138220.58735
172,Garston and Halewood,England,Lab,E14000708,28.1,31.9,0.7,26.8,11.4,both,{1E1ABBF4-4BE0-4C25-B94E-897A0FB58AA7},38658.1948040032,51008075.2900303
173,Gateshead,England,Lab,E14000709,19.5,28.2,0.5,34.5,16.4,both,{687FBE3B-7F5C-401F-9241-E2B9B556D29C},33379.8083057314,24605650.3087501
174,Gedling,England,Con,E14000710,35.9,38.0,0.6,10.7,13.8,both,{41C6424A-42B0-49E7-B417-879AA419D85A},43875.2670588234,38135908.5675009
175,Gillingham and Rainham,England,Con,E14000711,31.3,39.2,0.6,10.4,17.5,both,{57E5BA48-2E76-4451-A7A8-DB789F33C167},47576.8337683017,30423080.6692549
176,Gloucester,England,Con,E14000712,27.9,37.6,1.2,14.3,18.1,both,{E4ACFA6E-A141-4492-950D-1A8112153BCE},34192.5115798588,37719857.4320007
177,Gosport,England,Con,E14000713,32.3,35.7,1.0,14.9,15.2,both,{30AFD6F5-B9DF-4FA1-BF10-7DE463AE2A5A},43156.106381802,36317554.4400752
178,Grantham and Stamford,England,Con,E14000714,32.1,35.0,0.9,14.3,15.9,both,{C24BE6AD-6178-4F9C-8E38-BA20DEE947E3},168095.15406603,685708839.9075
179,Gravesham,England,Con,E14000715,30.7,33.9,0.8,17.3,16.1,both,{04298E58-9BA7-4E8A-AA24-DD094DB3EB2D},60505.313687353,99020167.4099999
180,Great Grimsby,England,Con,E14000716,26.5,33.9,0.4,18.5,19.6,both,{A8E46A0D-45AF-402C-9F72-9104C5FC49BF},30625.2999791127,28071740.045
181,Great Yarmouth,England,Con,E14000717,35.7,28.6,0.3,17.2,16.5,both,{59F665C7-6D20-421B-8678-4200886D9F21},137703.54425791,174234308.433101
182,Greenwich and Woolwich,England,Lab,E14000718,11.4,20.9,2.2,39.3,25.1,both,{10840A68-B074-4966-A802-7C97FD4DF6CE},34031.8168437173,16822820.5905808
183,Guildford,England,Con,E14000719,33.2,33.5,1.5,13.7,16.7,both,{2A24B2D7-F4C1-4EA3-91F2-080C118A0CFD},121108.780256797,188649734.364149
184,Hackney North and Stoke Newington,England,Lab,E14000720,10.2,16.9,2.0,37.3,32.5,both,{9B7F8551-C788-420A-8A6C-DF46AC280B99},15694.437211424,9062135.3824999
185,Hackney South and Shoreditch,England,Lab,E14000721,6.7,13.8,2.7,50.1,25.4,both,{74FB680B-A463-4E99-8B2C-E12D0262DFA3},21552.7666355389,9986896.98750058
186,Halesowen and Rowley Regis,England,Con,E14000722,33.8,34.2,0.5,20.2,9.6,both,{46C2B01F-8319-4D27-9AD5-F52C7000539D},37392.9777102067,29762003.6125
187,Halifax,England,Lab,E14000723,29.3,33.7,0.4,17.6,17.6,both,{A8C7F098-3D0C-40E1-8683-31C62526DB9E},52881.2973023777,57698331.1587508
188,Haltemprice and Howden,England,Con,E14000724,42.4,40.0,0.3,6.5,9.6,both,{1F40ED8C-8C10-422E-A663-A0E977A5EF67},156271.908158951,431819789.943017
189,Halton,England,Lab,E14000725,28.5,35.7,0.4,23.5,10.8,both,{B869D1F3-1F7A-4F58-AE97-140D78C37D04},62865.8568995573,50842906.1899994
190,Hammersmith,England,Lab,E14000726,13.9,16.9,1.5,34.3,32.0,both,{96052E7F-7776-4AF4-9F6F-CF12C860FCA7},19069.7593801443,11278489.4800001
191,Hampstead and Kilburn,England,Lab,E14000727,19.6,18.6,0.6,23.4,36.1,both,{E0E756DD-DBEC-439D-9E12-D693F071F171},22790.1076228071,12754901.4425005
192,Harborough,England,Con,E14000728,40.2,38.4,1.0,8.3,11.1,both,{1341706E-2359-40D4-9CAC-0A7802A53F2C},117529.826463463,204882713.894999
193,Harlow,England,Con,E14000729,23.3,35.5,0.9,28.7,10.8,both,{78683C57-BBD0-4CA7-9A60-ACDF995E4728},74669.485024794,79691455.8422583
194,Harrogate and Knaresborough,England,Con,E14000730,36.2,35.0,0.6,9.2,17.7,both,{A2F57033-0833-4043-ADD6-07B70B628063},87615.1860489609,148146989.507501
195,Harrow East,England,Con,E14000731,32.9,34.6,0.8,10.5,19.7,both,{BB893829-91F1-4880-9A38-521BF8FCDE97},24815.8779546191,23709013.7399999
196,Harrow West,England,Lab,E14000732,26.8,33.2,1.3,10.9,26.4,both,{B692705E-9033-4C24-967C-27A05855A3B0},23061.1498372326,17852605.0349997
197,Hartlepool,England,Lab,E14000733,27.4,32.4,0.5,23.5,14.8,both,{96DFF574-1B01-473E-9E81-1D2D69D0D90D},71948.4469783378,93575322.4400007
198,Harwich and North Essex,England,Con,E14000734,41.6,34.7,0.4,8.8,13.3,both,{3A28B607-EC3B-4FA1-95D7-2CDB54928F44},280021.571281135,393137302.501641
199,Hastings and Rye,England,Con,E14000735,30.5,28.0,0.5,14.0,25.9,both,{EE4B28EE-E675-4D19-94E7-90F2339E84B0},111189.698846447,177036279.63848
200,Havant,England,Con,E14000736,34.3,32.4,0.5,21.4,10.3,both,{9EC560C0-C22F-4C46-A16F-E70B95217339},91078.8042003805,47214716.9413632
201,Hayes and Harlington,England,Lab,E14000737,21.4,33.1,2.0,21.2,21.1,both,{32B8CD91-0800-486D-9A24-90F19B2F966E},36333.3482493621,45035131.7199996
202,Hazel Grove,England,Con,E14000738,39.7,37.4,0.8,12.6,8.6,both,{9524338F-8B4F-42EC-8CEF-F3C29746CF1D},47386.2743380369,58297924.6475007
203,Hemel Hempstead,England,Con,E14000739,25.4,34.9,0.7,26.2,11.9,both,{84164A8A-87BC-4397-87FE-9B68B8735F92},68746.835018092,104371437.6025
204,Hemsworth,England,Lab,E14000740,30.9,34.1,0.5,22.5,11.0,both,{D91FF729-5127-4027-BF9D-BC34B16F3A8F},78999.1593490124,149977076.777499
205,Hendon,England,Con,E14000741,23.8,28.1,1.2,20.0,25.4,both,{39780A9A-2FF2-45CA-B02A-E9F9BB3A362C},32568.1560893674,31339720.0975001
206,Henley,England,Con,E14000742,40.4,34.0,0.7,10.0,13.2,both,{16204C82-CAEF-46D9-889E-7C384D357397},237674.936578516,684058776.113021
207,Hereford and South Herefordshire,England,Con,E14000743,36.0,29.5,1.0,16.0,15.7,both,{EEAF9E11-3FFE-4ECC-ACAD-3975F45F7886},211213.581026243,724148670.4375
208,Hertford and Stortford,England,Con,E14000744,30.9,40.1,1.0,12.7,14.1,both,{7D51B532-AB9F-45A0-B1A8-2D052191C8E3},93936.357487281,156620844.740001
209,Hertsmere,England,Con,E14000745,31.4,36.2,1.2,17.4,12.5,both,{DEE05EC8-BBED-4AF5-BF11-C5CADADDC20C},61076.7438215823,101155407.464999
210,Hexham,England,Con,E14000746,39.4,31.3,0.6,12.7,13.8,both,{BCB189E8-3B06-4D43-9CC5-13C26B4A5290},360854.219641892,2439539606.01508
211,Heywood and Middleton,England,Con,E14000747,29.1,35.8,0.5,21.3,12.0,both,{718D1611-296B-4631-9B36-AEE9EB5307C6},57767.7170923352,72572074.9400003
212,High Peak,England,Con,E14000748,35.2,36.9,0.6,12.7,13.4,both,{65CDEA86-A64A-454D-9A56-2782F2E92A7F},159632.647008482,540253991.07
213,Hitchin and Harpenden,England,Con,E14000749,34.0,37.9,0.8,13.1,13.2,both,{CB31B311-2515-4FD1-8DDF-46A4CA05D8A4},135959.684567498,256235154.832499
214,Holborn and St Pancras,England,Lab,E14000750,14.1,13.4,0.8,41.8,28.1,both,{676DCD8D-968F-4DE9-9BE2-D9756994CA0B},21699.7503175584,13193436.38
215,Hornchurch and Upminster,England,Con,E14000751,37.5,36.8,0.4,15.9,8.6,both,{13D4B073-71ED-414A-85ED-338C67BE7BB8},49922.6879544563,57641669.3225005
216,Hornsey and Wood Green,England,Lab,E14000752,18.9,26.6,1.2,19.8,32.2,both,{5E2B79D6-5ED9-4431-A3A3-48B3F1525E37},22734.24599858,16449744.1950003
217,Horsham,England,Con,E14000753,34.6,39.0,0.8,11.6,12.4,both,{E58809B5-B9B3-4A20-8BB1-094239AEABFB},162013.169181525,344324407.075052
218,Houghton and Sunderland South,England,Lab,E14000754,28.8,33.1,0.4,28.6,8.5,both,{E844B1C6-20BB-4472-88A3-B4DA5FAC9B37},43645.9863699693,65815064.0549995
219,Hove,England,Lab,E14000755,24.5,32.4,0.7,10.7,30.5,both,{1C386745-162D-4696-88E6-CF92B63F05C6},22727.1443580361,23921176.3200009
220,Huddersfield,England,Lab,E14000756,28.3,30.0,0.4,19.8,19.6,both,{E09EC495-8962-4664-9FFF-2639C9B4AA4E},42853.8575547575,47049133.4674996
221,Huntingdon,England,Con,E14000757,31.6,38.1,0.9,13.8,14.6,both,{953C3108-6B16-4860-9AB5-278836A3DB57},166316.251804019,334889351.5575
222,Hyndburn,England,Con,E14000758,33.2,34.4,0.2,13.1,17.9,both,{A32F26C3-EDCB-40FD-9B10-F9CAAEC12549},52451.3411778441,90263037.9099995
223,Ilford North,England,Lab,E14000759,29.9,38.5,0.8,13.2,16.4,both,{BB34AF1E-367D-4BAF-B69B-EE779AE679BB},29117.9812603353,29000860.8375005
224,Ilford South,England,Lab,E14000760,24.0,32.8,1.3,10.5,30.3,both,{F19AB322-45A3-4CAE-B715-CD32BEEB3289},23719.8709793239,15680164.6600007
225,Ipswich,England,Con,E14000761,24.4,30.3,0.6,21.4,22.0,both,{F9B8F5C0-79BF-4875-843C-EE7009AB84CF},40022.0428425003,31419717.0487292
226,Islington North,England,Lab,E14000763,11.4,18.8,1.2,40.3,27.0,both,{05F49AD8-88C4-493D-BB01-8E8260977C72},14387.7587132404,7380398.73749974
227,Islington South and Finsbury,England,Lab,E14000764,11.2,15.3,1.4,43.7,26.9,both,{8480DDA6-C969-4CCD-8B65-CB1F283A9F70},14935.1820286673,7476255.52749973
228,Jarrow,England,Lab,E14000765,25.8,34.6,0.2,30.7,7.9,both,{D4596729-4489-4460-ACA3-636B8E3C07B7},49522.992954033,47236990.2424987
229,Keighley,England,Con,E14000766,35.8,36.7,0.6,9.8,15.7,both,{B6C04BC4-BF4C-426C-909D-BD73C12958C6},81228.3929492212,164438944.8275
230,Kenilworth and Southam,England,Con,E14000767,41.3,35.6,0.7,9.9,11.2,both,{41C31277-83CC-48DC-9B3F-746730039C0C},224281.824314957,620554435.95
231,Kensington,England,Con,E14000768,21.3,12.5,1.0,26.6,35.6,both,{C9778689-92BA-40F6-8343-0223A116E96B},19496.3848671055,8963524.13250003
232,Kettering,England,Con,E14000769,30.4,39.0,0.9,13.1,15.2,both,{0CE800CE-35AE-4EB1-B3D6-8742F9BA0CB1},100689.403164743,233489925.207502
233,Kingston and Surbiton,England,LD,E14000770,27.4,36.3,0.7,12.4,22.3,both,{0828658A-F477-4AE6-8E53-8BC3987B8E3D},31105.9598656559,28367458.8850001
234,Kingston upon Hull East,England,Lab,E14000771,22.6,32.8,0.4,28.0,14.6,both,{70A6B7DE-DB4B-456D-9C17-3CF5D18EC89D},30628.9286260827,28658578.5849997
235,Kingston upon Hull North,England,Lab,E14000772,18.9,29.3,0.3,27.5,22.7,both,{5ED9B38C-395E-49F4-A318-791D8CFE5F3C},34426.6025267194,24778875.2824998
236,Kingston upon Hull West and Hessle,England,Lab,E14000773,20.0,28.8,0.6,25.9,23.3,both,{62644FE5-191F-415C-8C75-724DD5E961FB},32692.7151272225,23733836.6200009
237,Kingswood,England,Con,E14000774,33.8,40.9,0.5,11.6,12.1,both,{0BEBD4AD-9C23-4821-9AC2-D1D2A8727FD2},47373.5653912139,43129214.8725002
238,Knowsley,England,Lab,E14000775,25.2,34.5,0.4,28.4,10.1,both,{3FE7A65C-79EA-425B-A701-A8372AE4B261},47373.6828987506,54198091.1399987
239,Lancaster and Fleetwood,England,Lab,E14000776,34.7,31.8,0.6,12.0,19.6,both,{38F79D34-4338-4DCB-8499-8207ED0B812C},234622.374705029,437727468.667358
240,Leeds Central,England,Lab,E14000777,12.3,19.3,0.6,34.0,32.0,both,{EC8F1B7B-9495-4B58-B495-7A3D678138C1},34565.6618499887,40955624.2037502
241,Leeds East,England,Lab,E14000778,23.2,28.9,0.3,33.0,12.8,both,{9C0D96B0-FA92-46E4-84ED-AF3DCA0A9E28},34351.6079273777,33684425.9675006
242,Leeds North East,England,Lab,E14000779,30.0,34.0,0.4,18.1,16.0,both,{52DFB094-2E0C-47C2-B1BD-0B960EFF2CA7},33995.2906437977,39484524.6772642
243,Leeds North West,England,Lab,E14000780,30.9,29.3,0.3,15.1,23.1,both,{CD859882-E558-4C37-89AD-101BE3EDE7C9},60812.6096321352,62122714.3402352
244,Leeds West,England,Lab,E14000781,20.3,31.2,0.5,28.9,17.6,both,{64F788B9-5622-40AC-9365-D7E7B7EB25BF},36468.6228292763,30245579.390001
245,Leicester East,England,Lab,E14000782,27.5,30.7,0.6,21.7,17.9,both,{823D0C26-97A9-4859-80A3-7B53FC18C7D6},24888.3440420948,23287397.5524997
246,Leicester South,England,Lab,E14000783,22.8,23.4,0.4,24.1,27.6,both,{3DDB8153-06FD-4FED-9D34-7AA548DE2673},26265.4272271357,21183537.3500001
247,Leicester West,England,Lab,E14000784,18.3,27.2,0.8,30.2,22.0,both,{73AFEB61-96DF-48A6-B55F-8E6626DBF096},28345.0312953281,28871132.4474998
248,Leigh,England,Con,E14000785,29.7,38.1,0.4,17.4,13.2,both,{355693D1-3CFF-4533-8169-49709478A43B},53489.8429359706,67062215.6900002
249,Lewes,England,Con,E14000786,42.1,31.1,0.6,10.7,14.1,both,{5438482B-F5D2-4AD8-ACDC-43448A7712A8},217739.536015504,370808229.985414
250,"Lewisham, Deptford",England,Lab,E14000789,11.0,23.4,1.9,33.4,29.2,both,{2DD8AF08-DDDA-4277-95B0-64EC3AC87564},23641.2477379942,12035182.0799999
251,Lewisham East,England,Lab,E14000787,18.7,31.2,0.7,27.4,21.1,both,{8602EF2B-B58D-4EB7-9674-5EEAB15FEC07},31236.033666483,14773175.1599991
252,Lewisham West and Penge,England,Lab,E14000788,16.5,30.8,1.1,29.3,21.4,both,{DA1B9DAE-D519-4025-84A9-3B4CAC662761},23673.0995293446,15858030.4900007
253,Leyton and Wanstead,England,Lab,E14000790,20.3,26.6,0.8,20.6,30.7,both,{120E79AD-9FEF-4A59-89EC-B056DD3CE511},23357.651436765,15311455.5975007
254,Lichfield,England,Con,E14000791,39.0,36.9,0.6,12.7,9.7,both,{78C5829B-8296-4BE2-A6E9-6FF8F2279323},121466.20738704,329065586.35
255,Lincoln,England,Con,E14000792,25.7,31.5,0.5,20.4,20.5,both,{485EADD6-109F-45F5-9CFB-6760580E12DE},52116.902508219,63898407.6900001
256,"Liverpool, Riverside",England,Lab,E14000793,13.7,15.9,0.9,31.9,36.5,both,{71222349-1DAB-4A84-B1D3-BF5B12669ACF},32755.4364402556,24077355.1350003
257,"Liverpool, Walton",England,Lab,E14000794,20.5,26.6,0.3,30.1,21.0,both,{CB6E3A3E-0E54-4883-9891-82235CE5F9CC},29940.8333457869,19765616.1625006
258,"Liverpool, Wavertree",England,Lab,E14000795,24.6,28.1,0.3,20.0,25.7,both,{721DA56E-C3E5-4FE5-B7D9-696E40F61F33},25042.6465437224,17084991.8449997
259,"Liverpool, West Derby",England,Lab,E14000796,22.5,32.3,0.5,28.0,15.5,both,{D381E9E5-1F50-4CA6-AF4E-ED423CA61403},27360.7598807275,20619244.5574996
260,Loughborough,England,Con,E14000797,32.6,34.3,0.8,14.4,16.8,both,{E639B76D-B718-47B7-A6E1-CB8AFEBD6EE0},79258.1411936878,130570204.032502
261,Louth and Horncastle,England,Con,E14000798,44.0,27.5,0.7,10.0,16.2,both,{BF401358-F594-4C3F-A5F1-1FEE9104CBF5},299805.440306298,1376331476.75903
262,Ludlow,England,Con,E14000799,43.0,26.2,0.8,12.2,15.5,both,{5F38919E-40FD-4C68-9C4F-B7DB6DDAF07E},343721.361416178,1554921177.18625
263,Luton North,England,Lab,E14000800,28.9,38.6,0.4,16.3,14.9,both,{94EA9118-977F-4760-9CBA-79DAF670DD6F},21303.8803823889,18785202.3050003
264,Luton South,England,Lab,E14000801,22.9,32.1,0.4,14.8,28.7,both,{D128F28E-075A-4550-9414-8F3CE31A0339},40024.9623735666,55788279.045
265,Macclesfield,England,Con,E14000802,37.2,37.3,0.6,11.6,12.2,both,{B0F86FDD-B7EC-40BE-A1A8-BC2FBDEA35AB},100972.073029663,301738553.075
266,Maidenhead,England,Con,E14000803,35.6,37.8,0.7,11.3,13.2,both,{3C8AF0CB-7869-4F2C-8AA2-BE886BD73153},82348.2327823137,183413793.465
267,Maidstone and The Weald,England,Con,E14000804,32.6,36.1,1.2,11.0,17.8,both,{0D5FFD64-DD68-40D1-AA89-3260D6AD9F82},121657.562579645,223670729.665001
268,Makerfield,England,Lab,E14000805,34.0,40.5,0.2,14.4,9.8,both,{9EFC1197-AFDD-4CA1-9C78-8DAF1D3ABAD8},54470.7071376574,55860158.2112505
269,Maldon,England,Con,E14000806,39.1,40.2,0.4,9.4,9.8,both,{7CA7F39E-A7CE-4CD4-864F-28C300D9CC09},281564.879378748,376128099.158335
270,Manchester Central,England,Lab,E14000807,10.7,16.5,0.7,35.9,34.6,both,{C951CE60-46D8-49A5-A015-B11574F2B2D5},37032.6914718417,28464513.2300009
271,"Manchester, Gorton",England,Lab,E14000808,16.4,22.7,0.8,25.5,32.8,both,{6B2F6A6D-EF2F-4EEC-AD77-01056C6509FB},27660.268763466,17280778.6199994
272,"Manchester, Withington",England,Lab,E14000809,19.3,27.7,0.6,19.0,32.2,both,{9236BBFD-3480-4D37-998A-B5FF3A903FD5},28138.1640895875,19313564.9700002
273,Mansfield,England,Con,E14000810,32.6,33.9,0.4,18.2,13.6,both,{E52580DB-2794-4FB5-B453-BCDF493AE9B4},51090.8402008701,76696897.234999
274,Meon Valley,England,Con,E14000811,38.4,38.6,0.6,10.6,10.3,both,{21C58603-8B9C-49EB-8648-EE026709ADED},136519.854144232,402174957.779998
275,Meriden,England,Con,E14000812,33.9,34.7,0.7,20.8,9.1,both,{1DBF0D4C-D2D2-4791-94C3-523D4F5F3C9E},101353.666360471,145563660.827498
276,Mid Bedfordshire,England,Con,E14000813,33.5,40.8,0.8,11.1,12.2,both,{7219D962-6E2B-443B-998F-267788DFB6A3},158446.188400921,457505441.179998
277,Mid Derbyshire,England,Con,E14000814,41.5,39.2,0.6,7.3,10.4,both,{098743D7-8763-4D1D-A094-B8819D5333F5},88019.8405800306,92140109.4975001
278,Middlesbrough,England,Lab,E14000819,25.1,27.8,0.5,24.1,20.6,both,{3C5972C2-C72D-4251-891D-002A27235671},34516.0117443061,29144894.7350002
279,Middlesbrough South and East Cleveland,England,Con,E14000820,33.0,34.6,0.5,19.1,11.6,both,{95FE940E-9594-430F-B73C-14D90F41CA16},100760.385416483,197165234.626005
280,Mid Dorset and North Poole,England,Con,E14000815,41.9,36.0,0.6,9.8,10.7,both,{007302A0-BA29-49D8-88EF-BD9AB7AD580A},126605.670467855,175813500.692499
281,Mid Norfolk,England,Con,E14000816,39.6,32.6,0.7,11.8,13.7,both,{A462D238-E04E-42BF-BA72-DF1BB08923F8},171771.172736478,760347130.802498
282,Mid Sussex,England,Con,E14000817,34.4,39.3,1.1,10.8,13.4,both,{867B48B5-B466-4729-9965-F0D82DC6A042},144846.581535457,188124422.538699
283,Mid Worcestershire,England,Con,E14000818,37.3,35.0,0.4,15.0,10.9,both,{69925A1F-3BB1-47F2-BE2B-4491E6F034EB},222367.014562713,440932248.7725
284,Milton Keynes North,England,Con,E14000821,22.2,36.1,5.0,16.9,18.9,both,{E50A727E-DE79-4AF6-8C2C-3F4E1D8DAE71},80634.8684343077,228791155.402501
285,Milton Keynes South,England,Con,E14000822,20.8,36.5,7.1,19.1,15.7,both,{E17CBAA8-5C9D-4D66-9335-210D1DAD96A1},61461.5785633327,79835642.2050004
286,Mitcham and Morden,England,Lab,E14000823,21.8,34.3,1.0,20.2,21.7,both,{096A2E9E-F8F6-462A-9C3D-16030E7EBCD9},27558.6754186952,16445828.5850001
287,Mole Valley,England,Con,E14000824,39.6,34.0,0.9,11.8,12.1,both,{157BF77A-30FE-4735-B203-F34801917D28},138809.75851344,369461646.72375
288,Morecambe and Lunesdale,England,Con,E14000825,37.8,33.6,0.6,9.8,17.0,both,{67F7B78D-ECBD-4AAA-913D-C4C11980FCA1},194070.986183003,253706415.636477
289,Morley and Outwood,England,Con,E14000826,29.5,43.3,0.5,13.0,12.5,both,{BD88806F-5D31-45EC-B2FA-8E46E4D131CB},66492.5211187999,68613481.3075001
290,Newark,England,Con,E14000829,37.1,35.5,0.7,12.4,13.0,both,{733D1054-9F98-4795-AED6-8041315B7423},224434.33760871,700307671.634912
291,Newbury,England,Con,E14000830,29.9,36.8,1.3,15.2,15.0,both,{269522C4-6287-4833-AEA7-194F99680B74},151490.316612352,596793836.880001
292,New Forest East,England,Con,E14000827,39.7,35.4,0.6,11.7,11.4,both,{38D74246-A756-4E7C-97B1-BFAA4E54BAB4},177653.053517605,396852181.840055
293,New Forest West,England,Con,E14000828,47.4,27.4,0.7,10.2,12.8,both,{AB82B9E5-DD67-4545-8EFB-DDB6D4C5216A},165395.680769769,356243158.1225
294,Newton Abbot,England,Con,E14000835,39.9,33.0,1.0,9.0,16.0,both,{D88F8592-ABD9-4EA8-A7E1-417039620AEE},121062.238831799,203615784.415
295,"Normanton, Pontefract and Castleford",England,Lab,E14000836,27.9,35.2,0.5,25.2,10.3,both,{12D0F8B2-5D07-424C-9738-F8AC85381D24},69357.6580288066,86395009.8075008
296,Northampton North,England,Con,E14000861,29.0,37.0,0.7,16.7,15.5,both,{39110EA1-93E8-4EAE-8195-47FABADB1E70},26069.5323828163,22366761.5000004
297,Northampton South,England,Con,E14000862,22.1,33.5,1.5,20.7,20.9,both,{6BBD32D3-F4D0-4848-BD51-51BFD696494A},40142.7208512613,32947491.2200005
298,North Cornwall,England,Con,E14000837,41.8,26.6,0.7,12.6,16.4,both,{AB8CBCAC-3533-4BD1-9D8D-8B307148C2D0},398858.105126367,1195265845.31924
299,North Devon,England,Con,E14000838,39.1,29.4,0.7,10.8,18.4,both,{1F6665C4-9085-40E0-8079-50225486ACC9},305485.893011745,1086031779.24461
300,North Dorset,England,Con,E14000839,39.7,32.2,0.6,12.1,13.5,both,{267EBABA-CD02-4CDD-943B-B74B4645EA3E},214466.906367531,880605669.405003
301,North Durham,England,Lab,E14000840,29.8,37.3,0.2,20.4,11.5,both,{46085682-225A-4BD2-831F-B861411E5132},71526.6258805091,104095134.420001
302,North East Bedfordshire,England,Con,E14000841,33.1,41.2,1.2,12.7,10.6,both,{D8730F11-7C27-4350-A27A-9BC5EEE07295},191726.862110736,542800905.9775
303,North East Cambridgeshire,England,Con,E14000842,35.0,34.9,0.6,13.0,15.1,both,{AF518779-356A-4B5A-900E-03771C4EE491},260952.269578593,724136473.708809
304,North East Derbyshire,England,Con,E14000843,37.9,33.1,0.4,20.1,7.6,both,{12A96676-45BC-4C5E-9B46-A9D3FF8B61DA},149637.249994215,228231229.790451
305,North East Hampshire,England,Con,E14000844,35.3,41.5,1.1,8.5,12.2,both,{D67F7FA8-130A-4B56-BCFE-F9B4893E563C},156367.31729209,401470623.387499
306,North East Hertfordshire,England,Con,E14000845,32.2,35.3,0.6,19.5,11.1,both,{21891DF0-CEC8-4F67-A190-019BD3587E6F},160491.785424762,502266033.332498
307,North East Somerset,England,Con,E14000846,39.9,36.9,0.4,11.2,10.1,both,{0E136EFB-326F-40E5-83E5-4AB53E95F8CD},176456.761429212,322447689.285001
308,North Herefordshire,England,Con,E14000847,43.2,26.8,1.0,11.5,15.2,both,{DC752440-5849-4AA1-B997-DACEE6AEE8EB},348074.840750859,1455563187.6425
309,North Norfolk,England,Con,E14000848,46.7,24.0,0.5,12.7,14.2,both,{93CE702D-C943-4DFB-9E73-6AFDB4853E53},332428.634364525,729055356.118711
310,North Shropshire,England,Con,E14000849,37.6,32.5,0.6,13.2,14.5,both,{8334BFE5-6475-4A63-BE86-75C59C3FA584},276031.288693591,935210338.074995
311,North Somerset,England,Con,E14000850,40.5,38.8,0.7,7.7,11.3,both,{952DB1C1-FB80-43A8-BD8C-F597D329D46E},120941.6497587,228336448.192649
312,North Swindon,England,Con,E14000851,26.5,42.5,1.0,14.9,14.3,both,{B94051F1-E789-450D-9D3B-BA6FBAAF744E},65918.7823008449,106324333.672501
313,North Thanet,England,Con,E14000852,35.2,31.8,0.6,11.6,19.6,both,{5E869BA6-1541-4EC2-889D-20F052BE75EA},79356.8721313359,136855285.384868
314,North Tyneside,England,Lab,E14000853,23.7,36.0,0.5,26.8,12.2,both,{FA4FE7C2-16EE-43F2-9D18-684D4A02376C},50144.6169772022,44203566.5049994
315,North Warwickshire,England,Con,E14000854,34.4,38.2,0.6,14.3,11.3,both,{B46D3B81-19E8-464B-B68F-9374579CB0E9},140692.069493433,266482055.339999
316,North West Cambridgeshire,England,Con,E14000855,28.6,38.9,0.9,14.0,16.5,both,{8EAF304C-4FFB-407B-9B0A-51B1FD39EEE7},231580.905700335,745935608.470002
317,North West Durham,England,Con,E14000856,33.2,36.8,0.2,16.7,11.7,both,{AA0AE6FD-612C-401C-A61D-10291FEADA42},195855.106218658,701031399.132499
318,North West Hampshire,England,Con,E14000857,31.9,36.9,0.8,16.3,12.4,both,{E4FF3DCD-30B3-4CA5-A032-E7D2511AC43B},159602.991663628,589479907.509999
319,North West Leicestershire,England,Con,E14000858,34.7,37.8,0.8,14.3,11.3,both,{0159D85D-0E04-4B3D-BAD0-08C9981C7881},116453.049009791,279328084.814999
320,North West Norfolk,England,Con,E14000859,39.0,28.6,0.5,15.1,14.7,both,{241C1003-713B-4882-A48A-0E855AA87FCC},301858.498378577,786968280.179074
321,North Wiltshire,England,Con,E14000860,35.6,36.9,0.6,11.1,14.2,both,{40219217-8F21-43C8-9F6A-B277999562EA},207806.727155673,714246034.6175
322,Norwich North,England,Con,E14000863,33.0,31.9,0.6,20.3,13.4,both,{8255011B-F1C1-45EC-8E9A-DE2D30E0D5F2},39713.1324668703,36186043.6724537
323,Norwich South,England,Lab,E14000864,23.0,22.0,0.8,30.7,22.4,both,{351C1EBB-45FD-426E-9C91-DD3F7AAE4670},43911.7696864308,28792143.0236026
324,Nottingham East,England,Lab,E14000865,17.0,23.0,0.6,28.2,29.7,both,{2C863B45-AD99-4B3A-AFC7-8B5FB85B7F88},23698.4662589199,18706485.8749998
325,Nottingham North,England,Lab,E14000866,19.8,28.9,0.5,36.8,12.5,both,{4FD36F2B-3F8A-4FA8-9C4F-3B575AF4E68E},35919.435038435,23341978.0450003
326,Nottingham South,England,Lab,E14000867,23.1,23.6,0.8,24.2,26.8,both,{C87E765A-D9FF-46D9-B80A-18425D009608},38873.4537176634,32565095.2124995
327,Nuneaton,England,Con,E14000868,31.9,38.1,0.5,15.0,13.5,both,{CF87FB28-EC9D-4DF0-A325-203D223B97AB},58797.7433487167,83023089.7900008
328,Old Bexley and Sidcup,England,Con,E14000869,37.8,42.0,0.7,8.6,10.2,both,{7A2167C3-449F-467C-BA7C-8850B9BC17CC},29249.6795909432,24546379.5625004
329,Oldham East and Saddleworth,England,Lab,E14000870,30.9,34.8,0.5,19.5,12.9,both,{B4CEE5E3-4FFE-458F-818F-D2C98839719B},58303.0418582066,104409807.555
330,Oldham West and Royton,England,Lab,E14000871,29.2,33.8,0.4,23.9,11.4,both,{A97444EE-84F9-44B0-B6FB-68C4A63A1D0B},33523.2372707649,30838485.3549999
331,Orpington,England,Con,E14000872,40.9,38.8,0.8,10.7,7.9,both,{A75404E1-5CD0-42BA-A5AA-917532C3445B},58952.943986597,78725142.1175003
332,Oxford East,England,Lab,E14000873,22.0,23.3,1.9,24.1,27.1,both,{B97F1FDC-E4BA-4135-A50D-B7B1FC5629C8},30539.6051883413,30604535.8700001
333,Oxford West and Abingdon,England,LD,E14000874,35.8,31.4,0.9,11.6,18.4,both,{95FC68B4-3080-4576-BD5B-BD895F112F4B},86212.6801396265,128738066.22448
334,Pendle,England,Con,E14000875,36.0,32.5,0.2,11.6,18.1,both,{26D485E2-EB68-45BC-AEF4-FE26EC9E77D7},79243.6022575413,169380091.347501
335,Penistone and Stocksbridge,England,Con,E14000876,37.2,38.6,0.3,14.7,8.1,both,{99C1A581-B2D8-4A2B-9774-7DA12CF69477},107839.008357258,293827151.922302
336,Penrith and The Border,England,Con,E14000877,43.2,28.6,0.7,10.5,14.7,both,{C8519BB3-BC08-45E1-8A20-B8BD030C814B},511606.602800174,3120314895.3225
337,Peterborough,England,Con,E14000878,26.2,31.4,0.7,21.4,19.0,both,{E28E57D9-1DAD-4CB4-9D30-EEDA43D3D688},65818.3684240072,175019085.879859
338,"Plymouth, Moor View",England,Con,E14000879,28.0,32.3,0.7,27.6,10.3,both,{A3D7FC61-494D-4C9D-A178-740F94CA2950},36103.0327469767,32658397.3229155
339,"Plymouth, Sutton and Devonport",England,Lab,E14000880,20.1,27.0,0.8,19.0,31.9,both,{F2AA6A59-D43A-4A1B-B433-DA9CF1509336},42566.6341734619,21116060.4456207
340,Poole,England,Con,E14000881,35.1,32.8,1.0,11.5,18.4,both,{7EE8F3E2-3862-40E2-B7F4-F5ACC9263EE0},63721.3772827959,30938843.4275
341,Poplar and Limehouse,England,Lab,E14000882,8.7,16.3,2.4,36.8,34.4,both,{A3C72E4E-861E-4BD6-9701-781F84141E8E},24657.5298424742,10620609.3698705
342,Portsmouth North,England,Con,E14000883,29.8,37.8,0.7,15.3,15.4,both,{AA46210B-89B9-402D-B703-F993F5CF87A5},49063.304963811,26981548.9166974
343,Portsmouth South,England,Lab,E14000884,19.2,24.7,1.2,20.8,32.7,both,{6F3AFBB7-2CF1-4491-AC60-E9D4E0A8CCE9},25306.6511997212,13418956.1617935
344,Preston,England,Lab,E14000885,22.3,27.8,0.7,25.3,22.4,both,{0B0F5166-8B86-4E00-B67B-A608C4881ED4},41196.18629209,26494797.9674997
345,Pudsey,England,Con,E14000886,33.0,40.0,0.6,12.2,13.0,both,{F0E5C73D-F43F-4317-BB1B-67356D185DBF},66423.4028882974,54988533.3825009
346,Putney,England,Lab,E14000887,20.7,25.9,1.5,20.4,30.4,both,{47FB1A2B-174C-4F25-8B99-B7E47BAB8488},19000.5706624782,12752044.6075004
347,Rayleigh and Wickford,England,Con,E14000888,41.3,43.1,0.4,6.1,8.4,both,{6B8C90D8-1186-4484-8FA9-E0D9EF762834},102236.000933819,112173718.365001
348,Reading East,England,Lab,E14000889,25.6,33.5,1.5,11.9,26.6,both,{0B6D5767-1A8B-402D-AFB2-9D63C9447A7C},43947.3169892174,27564229.6349998
349,Reading West,England,Con,E14000890,26.5,37.3,1.4,16.9,16.9,both,{149F9277-5E7E-41ED-AFA1-72EA33426CD5},45673.6419986366,50850150.7624999
350,Redcar,England,Con,E14000891,31.7,33.7,0.5,21.7,11.4,both,{66B36F15-FE57-4D83-B8A9-037694CC93EE},65478.326870172,72394147.1599994
351,Redditch,England,Con,E14000892,27.9,38.8,0.4,20.2,11.5,both,{6E15EFBC-DF43-4A99-B15E-B61A8048AC7D},90332.0701657264,148642704.008117
352,Reigate,England,Con,E14000893,32.4,39.8,1.3,12.2,13.3,both,{BEC5A63A-349A-4D64-9EA6-77083FE18A45},75590.0318260711,111828885.06125
353,Ribble Valley,England,Con,E14000894,40.3,38.4,0.5,7.5,12.1,both,{C9630729-A9B5-4D02-83DE-A3C3E92C8356},183725.433916562,632633242.072501
354,Richmond Park,England,LD,E14000896,29.5,31.5,0.6,12.9,24.2,both,{92FC3774-516E-47D4-99CB-BF9BF6CCCCC7},38181.2087476112,37142810.2809499
355,Richmond (Yorks),England,Con,E14000895,38.2,28.8,0.4,12.5,18.0,both,{FDE4C6C4-B2B8-4EBF-8F8F-A335547571D4},369131.627602204,2077783679.24999
356,Rochdale,England,Lab,E14000897,26.4,32.2,0.2,25.0,14.5,both,{7CD8C363-4640-44B0-80EF-2C2CB8FEB9A9},56683.3785057314,85556100.457501
357,Rochester and Strood,England,Con,E14000898,29.9,38.2,1.4,13.8,15.6,both,{29AA493E-4D48-4225-9F65-216DDB960418},160489.596353521,148702089.910096
358,Rochford and Southend East,England,Con,E14000899,27.1,31.3,0.5,16.5,23.6,both,{C6E47678-0BC8-4164-9CBF-9CDEAD06E10C},120813.527312888,93241573.2974998
359,Romford,England,Con,E14000900,33.3,39.8,0.9,12.1,13.0,both,{A390849A-059A-42FE-BF11-BD515600F9C7},32396.6711299369,29397034.3650006
360,Romsey and Southampton North,England,Con,E14000901,35.8,32.6,0.6,13.3,15.9,both,{872DDC86-A792-4407-9E48-612C8DCB5BC2},159195.069456181,420382182.495001
361,Rossendale and Darwen,England,Con,E14000902,31.3,39.7,0.4,12.4,15.1,both,{D9828DCE-E5DA-410B-BCDF-C38DD5698A55},121699.019568158,217453195.995
362,Rotherham,England,Lab,E14000904,25.8,30.2,0.3,29.5,12.2,both,{68164A59-6D66-427B-ACE4-9D0B317A476B},52053.7244701618,45094180.7587499
363,Rother Valley,England,Con,E14000903,35.5,38.5,0.2,13.5,10.7,both,{766CDF55-0C48-4464-8AB3-04C51096DBE7},72539.4831087479,166752772.45375
364,Rugby,England,Con,E14000905,32.8,36.4,0.9,14.5,14.2,both,{15A7E0C8-501D-4CE7-B82B-F4C9F6BCD814},87986.2221024597,246573645.212499
365,"Ruislip, Northwood and Pinner",England,Con,E14000906,38.0,35.3,0.4,11.5,13.8,both,{4C621034-FB8E-433C-A7EE-7EE57E0FF097},41675.4156115038,49510451.3175
366,Runnymede and Weybridge,England,Con,E14000907,33.0,36.5,0.9,11.5,16.6,both,{76BCDA74-D58D-4134-90FE-C4C2AE5812FF},55582.1172809247,93828357.2599995
367,Rushcliffe,England,Con,E14000908,39.4,37.0,0.7,8.2,13.7,both,{1DBF1F13-C303-40C0-B0E4-53965A2D1DB6},112958.539970148,309312968.9825
368,Rutland and Melton,England,Con,E14000909,38.2,34.3,1.0,10.5,14.2,both,{E8902E0C-0B5D-45BF-921F-41A40B7471F8},233547.484535319,1117675465.56
369,Saffron Walden,England,Con,E14000910,34.7,37.3,0.9,13.1,12.4,both,{8CF0B68D-819F-4B65-87C1-7BCA923EE058},189001.314985045,795427679.999997
370,Salford and Eccles,England,Lab,E14000911,19.5,25.7,0.5,28.9,23.9,both,{8FFEB33F-C0E5-4646-8F89-CB3C422C38ED},33647.3539276901,31740823.372499
371,Salisbury,England,Con,E14000912,34.3,30.9,1.0,16.2,15.9,both,{9569C416-F3F2-4108-BCD4-ABF099965A56},174204.973780455,612603126.562499
372,Scarborough and Whitby,England,Con,E14000913,37.7,27.1,0.6,12.8,20.1,both,{FDE3E33E-AB75-4272-8805-6842E2F33043},216236.870691555,738456847.457094
373,Scunthorpe,England,Con,E14000914,29.9,34.8,0.2,19.3,14.3,both,{E41CABFF-5249-4321-9EEB-9A710463255F},84692.259982343,182417749.712502
374,Sedgefield,England,Con,E14000915,30.2,36.0,0.2,20.9,11.6,both,{B750CE10-CFF5-4D0E-B706-2A731C503686},181640.960964835,366846211.096252
375,Sefton Central,England,Lab,E14000916,47.0,38.5,0.2,6.0,7.3,both,{68F02607-FEB3-4018-A4FF-AD8DF4E1EC48},74627.2185602183,83352565.2424362
376,Selby and Ainsty,England,Con,E14000917,35.5,39.8,0.6,11.4,11.2,both,{9D5FFB82-17E7-452C-8C49-518A33F73B98},356414.598525401,844861173.314832
377,Sevenoaks,England,Con,E14000918,37.2,35.7,1.6,13.1,10.9,both,{AD021931-F4E5-40BE-A23A-6817E9B2054E},98322.3775460466,249612171.2
378,"Sheffield, Brightside and Hillsborough",England,Lab,E14000921,21.6,28.3,0.3,37.5,11.4,both,{6C3BA087-8304-42DF-8175-BB4E53A2E363},28460.453652106,27378978.9349992
379,Sheffield Central,England,Lab,E14000919,16.2,20.1,0.6,25.6,36.0,both,{86002F84-55E0-4662-93A9-86DA99D93A7C},32027.3814516706,20162081.4100003
380,"Sheffield, Hallam",England,Lab,E14000922,41.1,36.2,0.2,8.6,13.1,both,{A5D13157-E7D7-4AE8-B9C1-80A0CE08960E},77636.6466081349,135284354.885002
381,"Sheffield, Heeley",England,Lab,E14000923,26.0,31.8,0.3,30.4,10.8,both,{C0887724-A84D-4F19-A2C4-F0600BCA8E1B},29107.0293525713,25237954.6699992
382,Sheffield South East,England,Lab,E14000920,28.5,36.9,0.5,24.2,9.0,both,{020714CE-F951-44D9-8717-1447613A1B34},49029.7148026176,44335983.0325007
383,Sherwood,England,Con,E14000924,36.3,36.5,0.4,13.9,11.4,both,{770CFEE0-4591-45F9-A7B5-20677D588FFD},123874.871917376,307233134.630002
384,Shipley,England,Con,E14000925,34.3,38.6,0.6,10.8,14.4,both,{7C82A1C8-8418-4060-AFA5-50CB2C718983},81850.5186450934,95020662.4175003
385,Shrewsbury and Atcham,England,Con,E14000926,36.1,32.7,0.6,14.4,14.8,both,{B9A6E33E-CD03-4F14-ADEE-28E53FA46944},163684.780487255,601644763.450001
386,Sittingbourne and Sheppey,England,Con,E14000927,30.6,37.6,1.1,13.8,15.9,both,{833476E2-DCD3-4B8F-9B78-11C437A5F804},203946.088273524,239307424.129824
387,Skipton and Ripon,England,Con,E14000928,40.8,30.5,0.5,9.3,16.7,both,{851FA0B3-CB0B-4DAA-A20B-2F7E91443433},342920.644367897,2094237683.59
388,Sleaford and North Hykeham,England,Con,E14000929,38.1,37.0,0.5,10.4,12.5,both,{040C7C3A-0041-4CAB-96C3-52790F540893},208574.858493714,1122371434.6875
389,Slough,England,Lab,E14000930,18.9,34.1,1.3,21.0,23.7,both,{E0C16B8F-69D7-4553-B9A1-12F0131EE975},33932.9183880557,26916460.77
390,Solihull,England,Con,E14000931,41.3,38.2,0.5,8.5,10.7,both,{DCABA3CC-B1B7-4E6E-863D-DC6A876AA4CD},30944.5897329112,32718450.6950011
391,Somerton and Frome,England,Con,E14000932,39.8,32.6,0.6,11.6,13.4,both,{19592709-4F14-4435-A894-7C01410F508D},255161.024685318,950818733.887503
392,"Southampton, Itchen",England,Con,E14000955,22.5,30.3,1.3,23.9,21.0,both,{C5733426-240E-4B44-A8D0-B0907D0F0847},37589.8635085184,20351873.8851171
393,"Southampton, Test",England,Lab,E14000956,19.9,26.4,0.8,23.1,28.7,both,{5C835C66-07DA-4BB8-A1E5-0C2BCB2A7A82},30698.1934292694,22034312.0391032
394,South Basildon and East Thurrock,England,Con,E14000933,28.2,38.1,1.2,20.8,10.9,both,{ED3BC57E-0C8F-4821-8769-1E76CEAB8C08},103613.736420079,131411555.53764
395,South Cambridgeshire,England,Con,E14000934,35.1,35.7,2.0,14.6,11.1,both,{D41D2791-25DF-445D-ABB4-A8A3F05389BC},206021.417356542,629165848.114999
396,South Derbyshire,England,Con,E14000935,33.9,41.5,0.3,9.9,13.0,both,{066A6F8D-005D-47BD-BAD3-70B2B133AEEC},166772.309187756,338128973.382501
397,South Dorset,England,Con,E14000936,38.6,28.5,0.6,13.3,17.4,both,{F747710A-6C5A-49B2-8BF1-268BCE093ABF},255289.243940962,371336271.532055
398,South East Cambridgeshire,England,Con,E14000937,33.0,34.9,1.7,14.1,14.0,both,{F6580F3C-C1EE-4D71-BFEA-C74BC90C3E08},237088.272198032,750576298.200002
399,South East Cornwall,England,Con,E14000938,40.3,30.8,0.7,12.0,14.5,both,{C8E10475-F853-4D5A-8872-ACE0D66E8B8A},367578.624285158,719432729.397807
400,Southend West,England,Con,E14000957,34.9,38.4,0.3,7.0,18.7,both,{14EAA5BC-4AE3-4F33-9B64-6A8AB3E7C283},25957.2037854381,19675169.1650002
401,South Holland and The Deepings,England,Con,E14000939,38.8,34.4,0.7,12.3,12.4,both,{8072D8FC-5959-4AF8-97F7-9DE9296D202E},214610.928772809,779680867.187676
402,South Leicestershire,England,Con,E14000940,36.3,43.3,0.8,8.5,10.2,both,{4474D69A-71F5-4029-A992-D861B81D99DE},105094.41268493,284515056.855002
403,South Norfolk,England,Con,E14000941,40.6,34.1,0.9,11.5,11.2,both,{39A927E1-6783-40BD-953C-69B2295EECDB},243899.941431171,791271748.180124
404,South Northamptonshire,England,Con,E14000942,30.9,45.0,1.5,8.9,12.4,both,{AAA80F71-DDA7-4D52-8AD0-D812C060A5FC},230966.524904787,610336527.060001
405,Southport,England,Con,E14000958,39.0,33.5,0.7,7.0,18.7,both,{4CAADDF6-98BE-42E5-A9BE-E9484C3EFEFE},49533.2814759731,44192879.6598097
406,South Ribble,England,Con,E14000943,39.1,40.1,0.7,10.4,8.9,both,{4309620C-80DB-44AC-9C67-5ADAF0BE9E7C},167904.576414974,196818717.515006
407,South Shields,England,Lab,E14000944,25.0,30.0,0.6,31.5,11.9,both,{6F0FBFC4-BD88-4C5D-A070-635AA7D5423D},38102.5768803633,24615306.2023805
408,South Staffordshire,England,Con,E14000945,39.8,35.8,0.6,14.5,8.0,both,{7AFFFD29-E7EB-42B6-B128-8B7AB1226B2D},152768.483269817,273761961.044999
409,South Suffolk,England,Con,E14000946,39.9,32.1,0.5,13.0,12.6,both,{B82DB882-9406-4E11-B001-CAA802F61A30},218587.512743364,652639650.765384
410,South Swindon,England,Con,E14000947,25.0,36.9,1.6,17.8,17.8,both,{952461DF-4E0A-48BD-AF13-51293573F9C1},71710.7053559707,123769045.08
411,South Thanet,England,Con,E14000948,34.6,28.7,0.4,11.6,23.4,both,{2CEF9DEE-3C92-4EE5-B2F5-026F15034B03},127136.871826622,127572001.258446
412,South West Bedfordshire,England,Con,E14000949,30.7,40.4,0.9,14.8,12.1,both,{02FA0509-13C0-44BF-8451-CC537EB3608C},70465.7976357859,126607025.5075
413,South West Devon,England,Con,E14000950,40.5,38.1,0.9,6.8,12.6,both,{B45D90CA-AA71-4634-AFDC-33293756F81D},205695.684941973,370597420.959252
414,South West Hertfordshire,England,Con,E14000951,35.5,37.5,0.4,14.2,11.3,both,{4A69E639-F928-4320-AFB9-678130603D25},119225.229331113,173836928.9075
415,South West Norfolk,England,Con,E14000952,36.7,31.4,0.5,13.4,16.0,both,{B46D3343-6F90-4B5B-BF3A-1CC88051A8A8},331676.903471788,1310729284.69494
416,South West Surrey,England,Con,E14000953,36.5,36.6,1.0,12.6,11.7,both,{40CCEB12-D650-4B21-A7F5-9E92E1351A51},104220.348790386,256307289.235851
417,South West Wiltshire,England,Con,E14000954,34.8,33.5,0.6,13.2,16.3,both,{CD7D70FA-1478-4186-92E1-766EFA870834},174405.774016847,737444051.237502
418,Spelthorne,England,Con,E14000959,33.9,38.6,1.4,12.4,12.7,both,{8116A622-BE36-4BB9-B287-35B7A9CFA682},44134.3693628143,51161356.0824997
419,Stafford,England,Con,E14000965,34.5,34.9,0.6,15.2,13.6,both,{5036B3D1-CEAC-43F4-8CD6-95B44744A5B1},138772.564700168,291008351.9925
420,Staffordshire Moorlands,England,Con,E14000966,44.5,35.2,0.3,8.8,9.9,both,{1A58D73C-40C0-4588-AA55-FB208D9DF510},160591.67536341,513474777.974999
421,St Albans,England,LD,E14000960,32.2,37.7,0.7,13.4,15.0,both,{44D68464-E193-461A-97BE-D83F9FAF8349},63507.1652715399,67212979.0350003
422,Stalybridge and Hyde,England,Lab,E14000967,27.3,37.0,0.4,21.9,12.4,both,{28353573-E47A-4082-B10C-604FAA5D6682},44327.7632034856,63229017.7999991
423,St Austell and Newquay,England,Con,E14000961,37.9,30.8,0.9,10.4,18.6,both,{195D4FA5-76E1-4578-8C43-B5B829BCDB5F},214418.630676434,396773998.52482
424,Stevenage,England,Con,E14000968,23.7,36.0,1.1,26.9,11.4,both,{8CF433DD-23AC-463F-B7CC-4A41C3AA75FA},63319.4281697481,63415557.8125008
425,St Helens North,England,Lab,E14000962,33.4,33.9,0.6,21.4,9.3,both,{B7D1537B-7546-4A10-BE57-F9B4A8059074},62658.0664308995,83805869.518751
426,St Helens South and Whiston,England,Lab,E14000963,32.3,34.5,0.5,20.3,11.1,both,{462C079A-8C80-458E-A7A3-56F156BE5F8C},53754.4983520472,64135189.1449997
427,St Ives,England,Con,E14000964,41.1,25.7,0.6,13.0,17.5,both,{E5DD733B-B5EC-4F29-8176-54CD205430DD},390502.587720982,530589417.012546
428,Stockport,England,Lab,E14000969,25.7,35.5,1.1,21.7,15.0,both,{79DA9AD0-2864-4EB9-BB90-7E42803F981A},36641.5125325336,21914421.5525006
429,Stockton North,England,Lab,E14000970,27.2,35.8,0.3,22.8,13.1,both,{E7B71BEC-E9C6-4AB8-AEC3-075CC6370D62},102358.948038141,120639390.604465
430,Stockton South,England,Con,E14000971,31.5,42.2,0.3,11.9,13.1,both,{57CE8009-3F9B-4872-9F24-DCCA84A6E3D7},70097.8353851486,84320836.0874997
431,Stone,England,Con,E14000975,42.2,36.4,0.3,9.2,10.4,both,{C6E35988-B133-478F-BA72-3E2DFC5E2162},248413.861717537,621083013.340001
432,Stourbridge,England,Con,E14000976,35.9,35.9,0.7,15.9,10.0,both,{8999F8E0-1D93-4333-BCF5-066D41667433},29216.7723948788,27406841.6324996
433,Streatham,England,Lab,E14000978,13.9,25.5,1.3,26.8,31.6,both,{6A058E96-2AC1-45E6-BF4B-E851915B6929},18955.480471439,10445530.2000003
434,Stretford and Urmston,England,Lab,E14000979,29.0,35.3,0.6,22.1,11.8,both,{9F7AEE4F-4A5A-4057-ACAA-14E0483E189E},39263.2600063161,46807360.9850002
435,Stroud,England,Con,E14000980,37.4,35.5,0.7,12.7,12.4,both,{91ECE6E3-F5A2-4389-AAD1-D12BA3DF811F},156011.022873213,385431240.005639
436,Suffolk Coastal,England,Con,E14000981,43.4,27.5,0.5,12.8,14.2,both,{578D3923-2E83-4F4A-9A9B-8AA2BDA1EE3C},435526.680152393,754274873.548917
437,Sunderland Central,England,Lab,E14000982,28.6,30.4,0.2,21.3,18.5,both,{F61A9B36-6BB0-41BA-8458-A1D7F6323908},51497.6264685089,29019679.265081
438,Surrey Heath,England,Con,E14000983,34.3,42.2,0.8,10.0,11.7,both,{29303CEA-9557-47E8-BF66-0A5065FADEBC},72766.4920543187,108123843.817501
439,Sutton and Cheam,England,Con,E14000984,31.4,39.6,0.6,8.9,18.7,both,{AE62EA4D-FDE6-4C9D-A6B5-6C9F5CD0CDC3},26042.167358339,18349234.5975001
440,Sutton Coldfield,England,Con,E14000985,40.3,39.2,0.5,8.4,10.7,both,{395A9B95-CE92-49B9-B74F-979DF2678AC5},42738.7398097759,57636688.1625007
441,Tamworth,England,Con,E14000986,30.6,39.6,0.4,17.7,10.6,both,{198DBAAB-C956-4E85-85BE-42CA442F9271},95640.2266835622,179690215.694999
442,Tatton,England,Con,E14000987,39.1,36.2,0.5,11.3,11.6,both,{24AD87D5-3699-48A7-8980-9C2F4FC4FCC7},137475.008813287,330482742.282499
443,Taunton Deane,England,Con,E14000988,34.8,32.1,0.5,15.6,15.4,both,{9C7C945B-A53A-4490-B755-4B65CEA503DE},174002.272671145,462366993.964999
444,Telford,England,Con,E14000989,24.3,36.2,0.5,21.9,16.0,both,{D35ABB34-8C20-4ED3-91C8-9ED213941B63},40205.080658873,50525306.257499
445,Tewkesbury,England,Con,E14000990,39.0,36.3,0.8,10.7,12.1,both,{61B2BE3C-32F8-4118-9550-90460CCA0417},171750.256097443,368792925.29145
446,The Cotswolds,England,Con,E14000991,38.5,28.5,1.1,14.6,14.5,both,{25D07CDB-E258-4D45-99CF-584BAED6597D},359635.311023895,1239743274.7525
447,The Wrekin,England,Con,E14000992,31.6,35.5,0.4,16.8,14.3,both,{66C0BA54-884B-45D3-A144-BAFACFDFD746},158694.513084625,345287357.340002
448,Thirsk and Malton,England,Con,E14000993,41.8,27.0,0.4,11.9,16.4,both,{1552F6F5-2F64-4DFE-A5E5-4CEB3D840867},347072.448021122,2136829444.80744
449,Thornbury and Yate,England,Con,E14000994,39.3,40.1,0.4,7.8,11.1,both,{3C2E15C3-0461-48E2-9617-37C9FBBFB8EB},143934.998465287,373102126.29204
450,Thurrock,England,Con,E14000995,21.5,40.0,0.6,21.7,15.4,both,{3984DF76-B428-4232-BF2A-427711E31859},58720.7794316914,68039623.6774998
451,Tiverton and Honiton,England,Con,E14000996,42.4,28.9,0.8,11.6,14.5,both,{33887A03-6EDC-47FE-9AE9-E82FF22677C4},217878.128197742,903508264.129562
452,Tonbridge and Malling,England,Con,E14000997,33.8,36.1,1.5,16.3,10.9,both,{092AD331-8937-4299-ADC7-6477ECDAD55F},132954.21644474,300656158.44543
453,Tooting,England,Lab,E14000998,18.4,30.1,1.1,16.7,32.8,both,{CB1FF655-5971-4FFD-8ECD-072A276CB38E},17757.038065699,11231787.3299995
454,Torbay,England,Con,E14000999,34.1,30.8,0.9,7.5,25.8,both,{62933582-C10E-404D-887F-87BF12E57662},49850.0275481648,35755469.9625453
455,Torridge and West Devon,England,Con,E14001000,43.5,29.0,0.7,9.2,15.9,both,{8583D85A-EC42-4D25-A46C-D10F3A764DE7},442382.542713334,1702855563.53496
456,Totnes,England,Con,E14001001,44.0,26.3,1.1,12.0,15.2,both,{40B0C5A8-DDCF-4449-A6FD-0DD7897F1B68},328547.302281335,569098415.386438
457,Tottenham,England,Lab,E14001002,12.9,18.7,1.8,34.2,30.7,both,{5C0D9F28-70BA-45E3-8168-ED0ABC2F65E2},18294.0984810116,13148639.8399998
458,Truro and Falmouth,England,Con,E14001003,39.3,27.7,0.8,12.4,17.9,both,{B173CEF1-A8F8-42DD-AEA3-A924FCEEA869},309664.460069401,444631426.385936
459,Tunbridge Wells,England,Con,E14001004,31.6,34.1,0.8,15.0,17.3,both,{A331F4E6-84B4-4717-AD60-428DE825696E},135562.036729551,248069433.529999
460,Twickenham,England,LD,E14001005,29.9,37.0,0.9,11.3,19.8,both,{9CC14FCE-B729-4480-9E30-BD87D543D1DB},34325.7539490337,29157705.7475011
461,Tynemouth,England,Lab,E14001006,32.7,37.5,0.3,15.9,12.6,both,{18C63838-FEFF-4912-B17F-5DE04ECF46DC},36488.7243169999,38173264.0650002
462,Uxbridge and South Ruislip,England,Con,E14001007,27.9,36.8,1.1,15.3,18.0,both,{21454A90-10BE-4D70-A597-6736F840D7B7},32929.2138213316,30056642.0925004
463,Vauxhall,England,Lab,E14001008,9.1,17.0,2.0,41.2,29.5,both,{17A6F631-9CC0-41F8-819E-35057DAA05AF},17612.5910051087,8568938.3428903
464,Wakefield,England,Con,E14001009,27.0,31.9,0.4,25.9,13.8,both,{C6E79A2C-A837-4E8F-9AB9-0E5FB72890D1},64263.277977424,77846892.4799991
465,Wallasey,England,Lab,E14001010,29.9,34.7,0.3,14.1,19.9,both,{6ABC93EF-55F4-4044-8419-DDCACB6E2D0C},28096.4450480601,23199300.7050004
466,Walsall North,England,Con,E14001011,26.0,29.2,0.6,30.9,11.9,both,{A73CF3E6-BF60-458E-81C3-523F36D0BF7F},31772.7537292484,26913131.8200011
467,Walsall South,England,Lab,E14001012,29.5,28.8,0.4,25.4,14.4,both,{D5BD7288-17E4-43F1-9718-F6C190800AB7},38797.8763024308,33043873.3799996
468,Walthamstow,England,Lab,E14001013,15.7,29.7,1.3,23.7,28.4,both,{2BBA0009-D403-40A8-951D-965DF547755D},19977.1119209353,16183503.3499999
469,Wansbeck,England,Lab,E14001014,31.0,34.0,0.3,20.8,12.8,both,{1693A74B-8BC5-45ED-92D5-AEE67824C75C},83723.0715447135,136810275.767501
470,Wantage,England,Con,E14001015,33.2,36.2,1.3,14.0,13.9,both,{AA660044-EC66-4FF8-986F-51C10CDA06B8},164361.163723711,584460158.354998
471,Warley,England,Lab,E14001016,26.3,30.0,0.5,24.8,16.1,both,{F667C7B2-68E1-45C0-8EF7-BBF2C73279C7},24767.7876306802,19359330.0674998
472,Warrington North,England,Lab,E14001017,30.0,37.6,0.8,20.4,10.3,both,{AA589FA6-DDFE-4D8B-871C-B25CDDE04033},59913.8128629089,91417930.2099992
473,Warrington South,England,Con,E14001018,33.7,41.4,0.7,11.4,12.0,both,{5AA3DE7C-842F-40A1-B426-FFD16CC4E7F9},94917.7374815207,89210064.2152566
474,Warwick and Leamington,England,Lab,E14001019,28.4,33.4,1.0,16.0,20.2,both,{89AE5848-4FB0-47E6-BC0F-A3C584E4B579},62873.2369923564,90174762.9299997
475,Washington and Sunderland West,England,Lab,E14001020,23.5,34.9,0.2,32.2,8.5,both,{EDD397B2-E81D-41BF-B324-921316BE6323},48870.6314809328,42604121.9075015
476,Watford,England,Con,E14001021,26.5,38.2,1.1,15.8,17.7,both,{85BEBB78-BECA-4DA3-B56D-68BDE1EE752B},39424.4581859765,36969166.5600006
477,Waveney,England,Con,E14001022,39.1,30.0,0.4,14.0,15.3,both,{4330E7DE-7E30-48FE-A3B4-51C5078F4595},159525.984329864,247011134.817905
478,Wealden,England,Con,E14001023,39.7,37.4,0.9,9.1,11.0,both,{EB1091CC-3E2E-4258-83E5-AF99B81FF3E4},221678.911943026,571024890.703749
479,Weaver Vale,England,Lab,E14001024,31.4,38.4,1.1,17.9,10.3,both,{2430E703-961E-46A7-8F6D-F144C127CCAA},109010.648285563,166168855.320121
480,Wellingborough,England,Con,E14001025,29.6,38.5,0.9,16.6,13.2,both,{8806414D-E8D2-458B-A34F-A570264A7360},92789.534755977,165480896.917502
481,Wells,England,Con,E14001026,39.9,31.8,0.8,10.9,15.1,both,{B415CB92-2877-4EE4-941D-835289BB40A7},168121.539865297,555810113.61
482,Welwyn Hatfield,England,Con,E14001027,25.3,30.5,0.9,28.1,13.8,both,{320250CD-8691-4E8A-A70C-2E97D34C4D97},78463.8197752034,114119485.8075
483,Wentworth and Dearne,England,Lab,E14001028,29.2,34.4,0.4,22.2,12.4,both,{930B953D-33DA-4629-91D6-0E2423524962},82314.0294225215,90294951.337501
484,West Bromwich East,England,Con,E14001029,29.6,28.7,0.5,27.7,11.6,both,{48BB8E32-0E47-451A-9312-F94642E7FA8F},31294.0154885544,27827837.6574994
485,West Bromwich West,England,Con,E14001030,23.6,31.5,0.6,30.2,12.0,both,{7AE78F4B-F74A-4E8F-9DEC-BB0D2340DF78},35540.4128620184,27492067.9000004
486,West Dorset,England,Con,E14001031,44.1,25.1,0.8,14.0,13.9,both,{40F7F6EC-1B72-4120-A9FC-575A94B2F5BC},279414.532069539,1032990074.43888
487,West Ham,England,Lab,E14001032,11.2,18.1,2.4,33.8,33.4,both,{D0A1DB24-0B40-430B-A4FF-A00ED698E275},26207.5723643019,17345877.5299996
488,West Lancashire,England,Lab,E14001033,34.4,36.7,0.6,16.3,10.8,both,{78E100D1-4DBB-4416-A761-7FC9BBD660EC},100963.037946528,262352072.054999
489,Westminster North,England,Lab,E14001036,16.2,14.2,0.8,29.7,36.8,both,{34ADB398-7A32-42BA-BCB5-553160DD885C},17797.7602596482,7983254.68999991
490,Westmorland and Lonsdale,England,LD,E14001037,44.6,27.5,0.5,10.6,14.8,both,{C8068A91-9C0D-4A2D-A8B3-6D31E1DF2BE0},328675.618724257,1349604937.16556
491,Weston-Super-Mare,England,Con,E14001038,33.4,33.7,0.5,10.5,20.6,both,{0CD048AE-53B7-41F6-ADAA-30D0F6376792},95807.931225821,146339450.497561
492,West Suffolk,England,Con,E14001034,29.6,32.5,1.1,15.4,18.7,both,{B9A3496A-09B7-4BD7-94B0-E03621441AB0},303288.784716007,818298854.580001
493,West Worcestershire,England,Con,E14001035,42.6,29.3,0.8,14.2,11.5,both,{0F0F2511-ED55-4AEA-888F-536310B7A8BD},297862.344009121,705288906.238549
494,Wigan,England,Lab,E14001039,30.4,32.9,0.2,22.9,12.1,both,{D627DCF8-D8BA-41F7-AB24-1285400A036D},41902.1439220599,60509529.6549991
495,Wimbledon,England,Con,E14001040,29.3,33.1,0.7,8.1,27.7,both,{3B6305A8-2983-4BCE-8ECC-4A762D4E8CCF},21819.6817820439,21178910.5325002
496,Winchester,England,Con,E14001041,36.5,32.1,0.9,15.1,13.7,both,{D8831A4B-4B59-4D62-AAC5-8067932B92BE},124599.155755246,324909018.622501
497,Windsor,England,Con,E14001042,30.1,37.4,0.7,11.5,18.1,both,{4D9C5271-71D1-4AA0-9CB2-879976FE3356},92368.0097678623,148298702.657501
498,Wirral South,England,Lab,E14001043,41.3,37.7,0.3,9.4,10.4,both,{D75971F0-E35D-47C8-9228-24ED606A82C9},55989.2883075857,60795247.2987758
499,Wirral West,England,Lab,E14001044,41.9,36.7,0.4,9.9,10.0,both,{16FAE560-6460-4A4F-9E15-7CE5A603E748},38361.7575629927,47919884.0875002
500,Witham,England,Con,E14001045,34.9,38.3,0.4,14.0,11.2,both,{2FC57162-0CBF-4C66-9533-30FD72C15E0C},194865.200851347,372371008.275001
501,Witney,England,Con,E14001046,34.5,35.2,1.3,12.5,14.9,both,{3B608053-A9AC-468E-9702-9D08BF793995},160247.381445067,714422018.307501
502,Woking,England,Con,E14001047,32.0,38.3,0.9,11.8,16.0,both,{442B880E-2ACC-44B8-9D9F-418AB27FB75B},75458.4343163889,98993935.1100001
503,Wokingham,England,Con,E14001048,32.5,43.8,1.6,8.2,12.8,both,{94A497B8-D67A-4C26-9AEC-DF409A789B87},87803.6085951993,156102424.775
504,Wolverhampton North East,England,Con,E14001049,25.8,28.2,0.4,33.5,10.2,both,{236622D0-BB0B-493A-A02D-76BB6D6FF3D6},29092.4740279848,24759064.1124998
505,Wolverhampton South East,England,Lab,E14001050,27.9,26.3,0.4,32.0,11.5,both,{59188B4A-6510-405E-92E7-087BF4B9EBBA},27649.4987791119,24755896.2299994
506,Wolverhampton South West,England,Con,E14001051,33.2,29.5,0.4,18.2,17.0,both,{A7251BBC-8F8B-4DA9-9234-3788010E2D24},28879.5071666086,23140717.7975003
507,Worcester,England,Con,E14001052,29.0,35.4,1.0,15.3,18.2,both,{3C298657-F238-4A59-A6BB-A7F155182B20},31262.9307461027,33278123.2850009
508,Workington,England,Con,E14001053,38.1,30.3,0.5,20.2,9.4,both,{52ED81EC-B6B5-41FE-B175-CDF84D7FE248},328948.146194801,675708818.037183
509,Worsley and Eccles South,England,Lab,E14001054,25.9,34.5,0.4,25.8,11.9,both,{9B55E078-D409-4AB4-B655-9F55815653C3},50243.9187957687,59657139.3724988
510,Worthing West,England,Con,E14001055,40.8,30.7,0.5,9.9,17.1,both,{646A2892-A4D9-45DE-BB57-9F6A2259E217},38538.423818151,30380489.3375014
511,Wycombe,England,Con,E14001056,27.8,37.9,1.4,14.6,17.0,both,{861972DF-631C-488A-9856-7DB7390F08BD},82822.0936513309,139942467.85
512,Wyre and Preston North,England,Con,E14001057,45.8,37.6,0.7,4.6,10.0,both,{6E77CAAE-D827-4121-94F7-859D4C6FCEF4},154681.476287831,266244774.717361
513,Wyre Forest,England,Con,E14001058,37.7,33.0,0.6,14.4,13.2,both,{D04A5EEA-D97E-4C15-A0A9-13671F2DF27C},100867.216812839,195403719.5625
514,Wythenshawe and Sale East,England,Lab,E14001059,20.2,31.0,0.6,33.1,13.7,both,{0D3BDF62-549C-4164-A2C2-231B2ED79CC5},40867.951100965,36544674.78
515,Yeovil,England,Con,E14001060,36.4,32.5,0.8,15.2,13.8,both,{B6C2434F-AB77-4546-BCAF-DD85A0693390},152711.565567278,401007772.742499
516,York Central,England,Lab,E14001061,25.3,27.8,0.8,18.9,25.8,both,{5AAC27DA-8694-428D-9A4D-EF7CFD9B767F},35338.5192577143,23483525.2225007
517,York Outer,England,Con,E14001062,44.2,37.4,0.7,8.1,8.6,both,{4F761AD4-558C-441D-A12B-D21D6E76725E},137296.01840692,248453451.522498
